updated,A2,A3,A4,A5
14.09.2021 08:13:12,3.074,2.845,0.303,2.195
14.09.2021 08:13:07,3.079,2.845,0.293,2.263
14.09.2021 08:13:02,3.074,2.825,0.298,2.258
14.09.2021 08:12:57,3.069,2.825,0.293,2.219
14.09.2021 08:12:52,3.065,2.825,0.288,2.248
14.09.2021 08:12:51,3.069,2.840,0.298,2.278
14.09.2021 08:12:34,3.065,2.825,0.298,2.219
14.09.2021 08:11:34,3.079,2.835,0.293,2.209
14.09.2021 08:10:34,3.074,2.825,0.308,2.219
14.09.2021 08:09:34,3.074,2.840,0.303,2.190
14.09.2021 08:08:34,3.069,2.835,0.303,2.253
14.09.2021 08:07:34,3.079,2.840,0.303,2.248
14.09.2021 08:06:34,3.074,2.845,0.318,2.219
14.09.2021 08:05:34,3.079,2.820,0.308,2.229
14.09.2021 08:04:34,3.065,2.854,0.288,2.248
14.09.2021 08:03:34,3.074,2.849,0.303,2.273
14.09.2021 08:02:34,3.065,2.835,0.303,2.287
14.09.2021 08:01:34,3.060,2.825,0.303,2.239
14.09.2021 08:00:34,3.069,2.840,0.293,2.229
14.09.2021 07:59:34,3.074,2.849,0.298,2.253
14.09.2021 07:58:34,3.060,2.820,0.298,2.219
14.09.2021 07:57:34,3.074,2.840,0.303,2.239
14.09.2021 07:56:34,3.065,2.830,0.293,2.214
14.09.2021 07:55:34,3.074,2.845,0.298,2.248
14.09.2021 07:54:34,3.074,2.835,0.303,2.224
14.09.2021 07:53:34,3.069,2.835,0.308,2.204
14.09.2021 07:52:34,3.079,2.854,0.303,2.229
14.09.2021 07:51:34,3.069,2.845,0.298,2.199
14.09.2021 07:50:34,3.069,2.840,0.303,2.195
14.09.2021 07:49:34,3.074,2.849,0.298,2.258
14.09.2021 07:48:34,3.079,2.835,0.308,2.199
14.09.2021 07:47:34,3.065,2.840,0.308,2.175
14.09.2021 07:46:34,3.084,2.845,0.323,2.199
14.09.2021 07:45:34,3.069,2.825,0.313,2.165
14.09.2021 07:44:34,3.079,2.845,0.313,2.239
14.09.2021 07:43:34,3.079,2.845,0.323,2.175
14.09.2021 07:42:34,3.065,2.854,0.298,2.185
14.09.2021 07:41:34,3.084,2.849,0.308,2.229
14.09.2021 07:40:34,3.074,2.840,0.303,2.195
14.09.2021 07:39:34,3.069,2.840,0.303,2.214
14.09.2021 07:38:34,3.084,2.849,0.313,2.199
14.09.2021 07:37:34,3.079,2.840,0.303,2.195
14.09.2021 07:36:34,3.069,2.840,0.303,2.243
14.09.2021 07:35:34,3.074,2.840,0.303,2.229
14.09.2021 07:34:34,3.069,2.835,0.313,2.243
14.09.2021 07:33:34,3.084,2.849,0.303,2.248
14.09.2021 07:32:34,3.074,2.840,0.313,2.195
14.09.2021 07:31:34,3.074,2.835,0.318,2.199
14.09.2021 07:30:34,3.079,2.849,0.323,2.155
14.09.2021 07:29:34,3.074,2.849,0.313,2.239
14.09.2021 07:28:34,3.074,2.840,0.313,2.209
14.09.2021 07:27:34,3.084,2.849,0.323,2.190
14.09.2021 07:26:34,3.069,2.845,0.332,2.170
14.09.2021 07:25:34,3.084,2.849,0.332,2.190
14.09.2021 07:24:34,3.074,2.845,0.323,2.102
14.09.2021 07:23:34,3.069,2.845,0.327,2.141
14.09.2021 07:22:34,3.074,2.845,0.337,2.151
14.09.2021 07:21:34,3.074,2.845,0.332,2.116
14.09.2021 07:20:34,3.074,2.835,0.332,2.185
14.09.2021 07:19:34,3.069,2.845,0.332,2.126
14.09.2021 07:18:34,3.084,2.845,0.332,2.136
14.09.2021 07:17:34,3.074,2.835,0.332,2.195
14.09.2021 07:16:34,3.074,2.859,0.332,2.146
14.09.2021 07:15:34,3.065,2.835,0.318,2.151
14.09.2021 07:14:34,3.084,2.845,0.327,2.131
14.09.2021 07:13:34,3.069,2.854,0.323,2.151
14.09.2021 07:12:34,3.074,2.840,0.332,2.165
14.09.2021 07:11:34,3.079,2.845,0.327,2.180
14.09.2021 07:10:34,3.069,2.845,0.327,2.097
14.09.2021 07:09:34,3.074,2.835,0.337,2.121
14.09.2021 07:08:34,3.079,2.854,0.337,2.155
14.09.2021 07:07:34,3.069,2.835,0.327,2.190
14.09.2021 07:06:34,3.074,2.845,0.323,2.175
14.09.2021 07:05:34,3.079,2.854,0.323,2.190
14.09.2021 07:04:34,3.074,2.835,0.327,2.170
14.09.2021 07:03:34,3.079,2.845,0.327,2.185
14.09.2021 07:02:34,3.079,2.835,0.332,2.170
14.09.2021 07:01:34,3.074,2.830,0.327,2.170
14.09.2021 07:00:34,3.069,2.840,0.342,2.155
14.09.2021 06:59:34,3.074,2.835,0.342,2.077
14.09.2021 06:58:34,3.069,2.840,0.337,2.116
14.09.2021 06:57:34,3.065,2.840,0.342,2.141
14.09.2021 06:56:34,3.074,2.840,0.352,2.116
14.09.2021 06:55:34,3.079,2.845,0.337,2.165
14.09.2021 06:54:34,3.074,2.835,0.352,2.151
14.09.2021 06:53:34,3.069,2.835,0.347,2.107
14.09.2021 06:52:34,3.079,2.825,0.352,2.102
14.09.2021 06:51:34,3.074,2.840,0.347,2.160
14.09.2021 06:50:34,3.079,2.835,0.342,2.155
14.09.2021 06:49:34,3.074,2.840,0.352,2.126
14.09.2021 06:48:34,3.069,2.845,0.347,2.131
14.09.2021 06:47:34,3.079,2.849,0.352,2.141
14.09.2021 06:46:34,3.069,2.849,0.342,2.082
14.09.2021 06:45:34,3.069,2.845,0.352,2.092
14.09.2021 06:44:34,3.084,2.845,0.352,2.111
14.09.2021 06:43:34,3.079,2.845,0.347,2.136
14.09.2021 06:42:34,3.079,2.849,0.347,2.155
14.09.2021 06:41:34,3.069,2.849,0.352,2.131
14.09.2021 06:40:34,3.065,2.840,0.347,2.111
14.09.2021 06:39:34,3.079,2.849,0.352,2.141
14.09.2021 06:38:34,3.079,2.845,0.347,2.126
14.09.2021 06:37:34,3.074,2.845,0.357,2.116
14.09.2021 06:36:34,3.074,2.835,0.362,2.116
14.09.2021 06:35:34,3.069,2.840,0.357,2.126
14.09.2021 06:34:34,3.079,2.859,0.357,2.136
14.09.2021 06:33:34,3.069,2.840,0.352,2.102
14.09.2021 06:32:34,3.069,2.840,0.357,2.126
14.09.2021 06:31:33,3.109,2.849,0.386,2.107
14.09.2021 06:30:34,3.069,2.845,0.362,2.092
14.09.2021 06:29:34,3.074,2.830,0.357,2.131
14.09.2021 06:28:34,3.074,2.854,0.357,2.121
14.09.2021 06:27:34,3.079,2.840,0.362,2.111
14.09.2021 06:26:34,3.069,2.840,0.362,2.131
14.09.2021 06:25:34,3.074,2.845,0.362,2.111
14.09.2021 06:24:34,3.074,2.849,0.352,2.092
14.09.2021 06:23:34,3.079,2.840,0.362,2.107
14.09.2021 06:22:34,3.069,2.840,0.362,2.121
14.09.2021 06:21:34,3.079,2.840,0.362,2.116
14.09.2021 06:20:34,3.074,2.840,0.357,2.141
14.09.2021 06:19:34,3.069,2.835,0.362,2.102
14.09.2021 06:18:34,3.065,2.840,0.357,2.121
14.09.2021 06:17:34,3.079,2.840,0.362,2.121
14.09.2021 06:16:34,3.084,2.840,0.357,2.102
14.09.2021 06:15:34,3.079,2.845,0.362,2.131
14.09.2021 06:14:34,3.084,2.835,0.362,2.126
14.09.2021 06:13:34,3.069,2.835,0.357,2.111
14.09.2021 06:12:34,3.069,2.840,0.362,2.160
14.09.2021 06:11:34,3.074,2.840,0.357,2.131
14.09.2021 06:10:34,3.069,2.840,0.357,2.146
14.09.2021 06:09:34,3.074,2.840,0.357,2.102
14.09.2021 06:08:34,3.079,2.835,0.362,2.097
14.09.2021 06:07:34,3.079,2.835,0.357,2.023
14.09.2021 06:06:34,3.074,2.854,0.357,2.165
14.09.2021 06:05:34,3.069,2.840,0.362,2.146
14.09.2021 06:04:34,3.079,2.849,0.362,2.072
14.09.2021 06:03:34,3.084,2.835,0.362,2.155
14.09.2021 06:02:34,3.079,2.849,0.357,2.175
14.09.2021 06:01:34,3.079,2.849,0.357,2.151
14.09.2021 06:00:34,3.069,2.835,0.357,2.111
14.09.2021 05:59:34,3.074,2.835,0.357,2.097
14.09.2021 05:58:34,3.079,2.840,0.352,2.155
14.09.2021 05:57:34,3.074,2.840,0.352,2.121
14.09.2021 05:56:34,3.069,2.849,0.362,2.126
14.09.2021 05:55:34,3.074,2.835,0.357,2.077
14.09.2021 05:54:34,3.074,2.840,0.357,2.160
14.09.2021 05:53:34,3.079,2.840,0.357,2.155
14.09.2021 05:52:34,3.079,2.840,0.362,2.116
14.09.2021 05:51:34,3.069,2.840,0.362,2.111
14.09.2021 05:50:34,3.084,2.840,0.362,2.092
14.09.2021 05:49:34,3.069,2.835,0.357,2.092
14.09.2021 05:48:34,3.069,2.825,0.362,2.116
14.09.2021 05:47:34,3.069,2.849,0.352,2.126
14.09.2021 05:46:34,3.069,2.840,0.352,2.141
14.09.2021 05:45:34,3.069,2.840,0.352,2.155
14.09.2021 05:44:34,3.074,2.845,0.352,2.136
14.09.2021 05:43:34,3.065,2.845,0.362,2.155
14.09.2021 05:42:34,3.074,2.840,0.362,2.121
14.09.2021 05:41:34,3.069,2.845,0.357,2.175
14.09.2021 05:40:34,3.079,2.835,0.357,2.121
14.09.2021 05:39:34,3.074,2.845,0.362,2.116
14.09.2021 05:38:34,3.069,2.825,0.357,2.121
14.09.2021 05:37:34,3.069,2.825,0.362,2.160
14.09.2021 05:36:34,3.065,2.845,0.357,2.126
14.09.2021 05:35:34,3.069,2.849,0.362,2.155
14.09.2021 05:34:34,3.079,2.854,0.362,2.136
14.09.2021 05:33:34,3.074,2.830,0.362,2.131
14.09.2021 05:32:34,3.074,2.825,0.357,2.102
14.09.2021 05:31:34,3.079,2.849,0.362,2.121
14.09.2021 05:30:34,3.065,2.835,0.362,2.087
14.09.2021 05:29:34,3.069,2.840,0.362,2.082
14.09.2021 05:28:34,3.074,2.840,0.362,2.067
14.09.2021 05:27:34,3.069,2.835,0.362,2.126
14.09.2021 05:26:34,3.089,2.845,0.362,2.087
14.09.2021 05:25:34,3.069,2.830,0.352,2.107
14.09.2021 05:24:34,3.079,2.820,0.357,2.136
14.09.2021 05:23:34,3.084,2.840,0.357,2.136
14.09.2021 05:22:34,3.065,2.830,0.357,2.141
14.09.2021 05:21:34,3.079,2.849,0.362,2.165
14.09.2021 05:20:34,3.074,2.830,0.357,2.121
14.09.2021 05:19:34,3.074,2.830,0.357,2.092
14.09.2021 05:18:34,3.074,2.840,0.362,2.121
14.09.2021 05:17:34,3.074,2.835,0.362,2.141
14.09.2021 05:16:34,3.079,2.835,0.357,2.141
14.09.2021 05:15:34,3.074,2.835,0.357,2.146
14.09.2021 05:14:34,3.069,2.825,0.352,2.097
14.09.2021 05:13:34,3.065,2.830,0.357,2.146
14.09.2021 05:12:34,3.074,2.835,0.367,2.126
14.09.2021 05:11:34,3.069,2.835,0.362,2.121
14.09.2021 05:10:34,3.079,2.840,0.357,2.107
14.09.2021 05:09:34,3.069,2.840,0.357,2.102
14.09.2021 05:08:34,3.079,2.835,0.362,2.155
14.09.2021 05:07:34,3.079,2.840,0.362,2.121
14.09.2021 05:06:34,3.069,2.835,0.357,2.155
14.09.2021 05:05:34,3.084,2.830,0.357,2.111
14.09.2021 05:04:34,3.079,2.840,0.362,2.116
14.09.2021 05:03:34,3.079,2.815,0.357,2.092
14.09.2021 05:02:34,3.079,2.840,0.357,2.170
14.09.2021 05:01:34,3.079,2.840,0.362,2.155
14.09.2021 05:00:34,3.079,2.840,0.362,2.155
14.09.2021 04:59:34,3.084,2.830,0.362,2.165
14.09.2021 04:58:34,3.079,2.835,0.357,2.092
14.09.2021 04:57:34,3.069,2.835,0.362,2.131
14.09.2021 04:56:34,3.074,2.830,0.362,2.155
14.09.2021 04:55:34,3.069,2.835,0.357,2.131
14.09.2021 04:54:34,3.079,2.845,0.347,2.199
14.09.2021 04:53:34,3.079,2.830,0.352,2.146
14.09.2021 04:52:34,3.069,2.835,0.357,2.160
14.09.2021 04:51:34,3.074,2.830,0.347,2.160
14.09.2021 04:50:34,3.084,2.830,0.352,2.146
14.09.2021 04:49:34,3.079,2.840,0.362,2.146
14.09.2021 04:48:34,3.074,2.830,0.347,2.170
14.09.2021 04:47:34,3.074,2.825,0.357,2.136
14.09.2021 04:46:34,3.084,2.835,0.352,2.151
14.09.2021 04:45:34,3.074,2.845,0.347,2.165
14.09.2021 04:44:34,3.074,2.815,0.352,2.151
14.09.2021 04:43:34,3.084,2.840,0.347,2.190
14.09.2021 04:42:34,3.079,2.840,0.342,2.195
14.09.2021 04:41:34,3.074,2.825,0.347,2.204
14.09.2021 04:40:34,3.084,2.840,0.347,2.195
14.09.2021 04:39:34,3.074,2.830,0.352,2.155
14.09.2021 04:38:34,3.084,2.840,0.337,2.180
14.09.2021 04:37:34,3.079,2.849,0.352,2.146
14.09.2021 04:36:34,3.069,2.830,0.352,2.146
14.09.2021 04:35:34,3.079,2.830,0.337,2.190
14.09.2021 04:34:34,3.079,2.830,0.332,2.234
14.09.2021 04:33:34,3.074,2.825,0.337,2.248
14.09.2021 04:32:34,3.079,2.830,0.337,2.219
14.09.2021 04:31:34,3.084,2.835,0.332,2.219
14.09.2021 04:30:34,3.074,2.830,0.313,2.317
14.09.2021 04:29:34,3.074,2.835,0.313,2.253
14.09.2021 04:28:34,3.074,2.825,0.308,2.248
14.09.2021 04:27:34,3.084,2.835,0.303,2.292
14.09.2021 04:26:34,3.079,2.830,0.303,2.312
14.09.2021 04:25:34,3.074,2.830,0.313,2.287
14.09.2021 04:24:34,3.084,2.835,0.318,2.219
14.09.2021 04:23:34,3.074,2.835,0.313,2.239
14.09.2021 04:22:34,3.069,2.825,0.318,2.268
14.09.2021 04:21:34,3.084,2.825,0.288,2.336
14.09.2021 04:20:34,3.074,2.830,0.298,2.331
14.09.2021 04:19:34,3.079,2.820,0.303,2.283
14.09.2021 04:18:34,3.084,2.830,0.308,2.297
14.09.2021 04:17:34,3.079,2.825,0.308,2.214
14.09.2021 04:16:34,3.079,2.859,0.308,2.322
14.09.2021 04:15:34,3.074,2.825,0.318,2.307
14.09.2021 04:14:34,3.069,2.835,0.313,2.302
14.09.2021 04:13:34,3.079,2.830,0.303,2.312
14.09.2021 04:12:34,3.069,2.825,0.298,2.253
14.09.2021 04:11:34,3.079,2.835,0.318,2.278
14.09.2021 04:10:34,3.089,2.830,0.298,2.302
14.09.2021 04:09:34,3.069,2.830,0.298,2.351
14.09.2021 04:08:34,3.079,2.830,0.308,2.273
14.09.2021 04:07:34,3.084,2.835,0.293,2.366
14.09.2021 04:06:34,3.084,2.825,0.293,2.356
14.09.2021 04:05:34,3.079,2.815,0.308,2.346
14.09.2021 04:04:34,3.079,2.825,0.303,2.346
14.09.2021 04:03:34,3.084,2.835,0.303,2.322
14.09.2021 04:02:34,3.084,2.840,0.298,2.322
14.09.2021 04:01:34,3.074,2.830,0.303,2.336
14.09.2021 04:00:34,3.074,2.835,0.308,2.322
14.09.2021 03:59:34,3.079,2.825,0.303,2.375
14.09.2021 03:58:33,3.069,2.849,0.288,2.341
14.09.2021 03:57:34,3.079,2.825,0.293,2.361
14.09.2021 03:56:34,3.079,2.825,0.283,2.419
14.09.2021 03:55:34,3.079,2.825,0.283,2.312
14.09.2021 03:54:34,3.089,2.830,0.283,2.370
14.09.2021 03:53:34,3.079,2.825,0.279,2.380
14.09.2021 03:52:34,3.079,2.830,0.269,2.351
14.09.2021 03:51:34,3.084,2.830,0.274,2.390
14.09.2021 03:50:34,3.069,2.840,0.269,2.385
14.09.2021 03:49:34,3.079,2.840,0.274,2.400
14.09.2021 03:48:34,3.084,2.835,0.274,2.400
14.09.2021 03:47:33,3.079,2.830,0.274,2.370
14.09.2021 03:46:34,3.074,2.830,0.259,2.405
14.09.2021 03:45:34,3.069,2.830,0.269,2.375
14.09.2021 03:44:34,3.089,2.815,0.264,2.385
14.09.2021 03:43:34,3.079,2.835,0.264,2.419
14.09.2021 03:42:34,3.074,2.820,0.254,2.439
14.09.2021 03:41:34,3.079,2.835,0.249,2.414
14.09.2021 03:40:34,3.084,2.825,0.264,2.444
14.09.2021 03:39:34,3.079,2.820,0.249,2.424
14.09.2021 03:38:34,3.084,2.835,0.259,2.419
14.09.2021 03:37:34,3.074,2.830,0.264,2.410
14.09.2021 03:36:34,3.069,2.830,0.264,2.405
14.09.2021 03:35:34,3.084,2.835,0.264,2.400
14.09.2021 03:34:34,3.074,2.830,0.254,2.400
14.09.2021 03:33:34,3.079,2.825,0.264,2.414
14.09.2021 03:32:33,3.079,2.815,0.264,2.366
14.09.2021 03:31:34,3.079,2.825,0.264,2.390
14.09.2021 03:30:34,3.069,2.815,0.259,2.380
14.09.2021 03:29:34,3.084,2.840,0.254,2.419
14.09.2021 03:28:34,3.079,2.835,0.264,2.454
14.09.2021 03:27:34,3.079,2.835,0.259,2.439
14.09.2021 03:26:34,3.079,2.835,0.264,2.380
14.09.2021 03:25:34,3.084,2.820,0.269,2.380
14.09.2021 03:24:34,3.084,2.835,0.269,2.331
14.09.2021 03:23:34,3.069,2.825,0.264,2.400
14.09.2021 03:22:34,3.079,2.840,0.259,2.444
14.09.2021 03:21:34,3.079,2.825,0.264,2.463
14.09.2021 03:20:34,3.074,2.830,0.259,2.370
14.09.2021 03:19:34,3.079,2.825,0.264,2.473
14.09.2021 03:18:34,3.079,2.825,0.254,2.405
14.09.2021 03:17:34,3.074,2.830,0.264,2.444
14.09.2021 03:16:34,3.079,2.825,0.254,2.424
14.09.2021 03:15:34,3.069,2.830,0.264,2.405
14.09.2021 03:14:34,3.084,2.835,0.274,2.410
14.09.2021 03:13:34,3.089,2.830,0.259,2.370
14.09.2021 03:12:34,3.084,2.835,0.259,2.370
14.09.2021 03:11:34,3.084,2.830,0.249,2.410
14.09.2021 03:10:34,3.069,2.825,0.254,2.434
14.09.2021 03:09:34,3.079,2.825,0.249,2.449
14.09.2021 03:08:34,3.084,2.830,0.254,2.454
14.09.2021 03:07:34,3.084,2.820,0.254,2.434
14.09.2021 03:06:34,3.089,2.815,0.254,2.414
14.09.2021 03:05:34,3.084,2.820,0.254,2.483
14.09.2021 03:04:34,3.074,2.815,0.249,2.454
14.09.2021 03:03:34,3.074,2.830,0.254,2.449
14.09.2021 03:02:34,3.084,2.820,0.254,2.424
14.09.2021 03:01:34,3.079,2.835,0.244,2.483
14.09.2021 03:00:34,3.084,2.815,0.254,2.419
14.09.2021 02:59:34,3.074,2.830,0.249,2.429
14.09.2021 02:58:34,3.084,2.820,0.249,2.361
14.09.2021 02:57:34,3.079,2.825,0.249,2.419
14.09.2021 02:56:33,3.084,2.830,0.249,2.444
14.09.2021 02:55:34,3.079,2.835,0.254,2.385
14.09.2021 02:54:34,3.074,2.805,0.239,2.458
14.09.2021 02:53:34,3.089,2.825,0.249,2.439
14.09.2021 02:52:34,3.084,2.840,0.239,2.414
14.09.2021 02:51:34,3.079,2.825,0.254,2.434
14.09.2021 02:50:34,3.089,2.835,0.239,2.380
14.09.2021 02:49:34,3.079,2.830,0.254,2.429
14.09.2021 02:48:34,3.069,2.835,0.249,2.473
14.09.2021 02:47:34,3.084,2.835,0.254,2.410
14.09.2021 02:46:33,3.074,2.830,0.249,2.405
14.09.2021 02:45:34,3.079,2.830,0.254,2.424
14.09.2021 02:44:34,3.079,2.830,0.239,2.458
14.09.2021 02:43:34,3.069,2.815,0.249,2.380
14.09.2021 02:42:34,3.084,2.830,0.254,2.405
14.09.2021 02:41:34,3.079,2.825,0.254,2.405
14.09.2021 02:40:34,3.084,2.830,0.249,2.390
14.09.2021 02:39:34,3.079,2.830,0.244,2.434
14.09.2021 02:38:34,3.079,2.830,0.254,2.395
14.09.2021 02:37:34,3.079,2.825,0.254,2.434
14.09.2021 02:36:34,3.079,2.830,0.254,2.429
14.09.2021 02:35:34,3.069,2.830,0.254,2.410
14.09.2021 02:34:34,3.084,2.835,0.239,2.366
14.09.2021 02:33:34,3.074,2.820,0.254,2.424
14.09.2021 02:32:34,3.084,2.830,0.249,2.361
14.09.2021 02:31:34,3.089,2.830,0.254,2.400
14.09.2021 02:30:34,3.084,2.830,0.264,2.385
14.09.2021 02:29:34,3.084,2.825,0.249,2.385
14.09.2021 02:28:34,3.079,2.820,0.254,2.390
14.09.2021 02:27:34,3.079,2.820,0.259,2.356
14.09.2021 02:26:34,3.084,2.835,0.269,2.356
14.09.2021 02:25:34,3.079,2.845,0.259,2.370
14.09.2021 02:24:34,3.069,2.815,0.249,2.390
14.09.2021 02:23:34,3.079,2.825,0.264,2.395
14.09.2021 02:22:34,3.084,2.830,0.269,2.346
14.09.2021 02:21:34,3.079,2.830,0.259,2.346
14.09.2021 02:20:34,3.079,2.835,0.269,2.351
14.09.2021 02:19:34,3.079,2.820,0.264,2.366
14.09.2021 02:18:33,3.084,2.835,0.259,2.375
14.09.2021 02:17:34,3.084,2.825,0.264,2.341
14.09.2021 02:16:34,3.074,2.815,0.249,2.366
14.09.2021 02:15:34,3.084,2.830,0.259,2.370
14.09.2021 02:14:34,3.084,2.830,0.254,2.395
14.09.2021 02:13:34,3.069,2.830,0.259,2.380
14.09.2021 02:12:34,3.084,2.825,0.259,2.351
14.09.2021 02:11:34,3.074,2.820,0.264,2.341
14.09.2021 02:10:34,3.084,2.835,0.264,2.375
14.09.2021 02:09:34,3.074,2.835,0.274,2.336
14.09.2021 02:08:33,3.069,2.825,0.264,2.317
14.09.2021 02:07:34,3.074,2.835,0.264,2.346
14.09.2021 02:06:34,3.079,2.820,0.269,2.326
14.09.2021 02:05:34,3.079,2.810,0.274,2.346
14.09.2021 02:04:34,3.084,2.835,0.249,2.395
14.09.2021 02:03:34,3.079,2.840,0.259,2.405
14.09.2021 02:02:34,3.069,2.820,0.259,2.419
14.09.2021 02:01:34,3.079,2.879,0.269,2.385
14.09.2021 02:00:34,3.069,2.815,0.264,2.346
14.09.2021 01:59:34,3.089,2.830,0.269,2.366
14.09.2021 01:58:34,3.084,2.835,0.269,2.322
14.09.2021 01:57:34,3.079,2.825,0.274,2.336
14.09.2021 01:56:34,3.079,2.825,0.264,2.361
14.09.2021 01:55:34,3.079,2.825,0.259,2.400
14.09.2021 01:54:34,3.079,2.840,0.264,2.336
14.09.2021 01:53:34,3.079,2.815,0.259,2.326
14.09.2021 01:52:34,3.079,2.835,0.269,2.331
14.09.2021 01:51:34,3.084,2.840,0.274,2.351
14.09.2021 01:50:34,3.074,2.835,0.274,2.322
14.09.2021 01:49:34,3.074,2.825,0.269,2.331
14.09.2021 01:48:34,3.079,2.830,0.269,2.322
14.09.2021 01:47:34,3.079,2.820,0.274,2.341
14.09.2021 01:46:34,3.079,2.830,0.274,2.366
14.09.2021 01:45:34,3.079,2.830,0.269,2.336
14.09.2021 01:44:34,3.069,2.820,0.274,2.356
14.09.2021 01:43:34,3.074,2.830,0.283,2.326
14.09.2021 01:42:34,3.084,2.835,0.269,2.356
14.09.2021 01:41:34,3.079,2.825,0.274,2.351
14.09.2021 01:40:34,3.079,2.840,0.279,2.326
14.09.2021 01:39:34,3.084,2.840,0.293,2.292
14.09.2021 01:38:34,3.074,2.820,0.274,2.326
14.09.2021 01:37:34,3.079,2.830,0.283,2.317
14.09.2021 01:36:34,3.079,2.830,0.283,2.302
14.09.2021 01:35:34,3.084,2.830,0.288,2.287
14.09.2021 01:34:34,3.079,2.830,0.288,2.322
14.09.2021 01:33:34,3.074,2.830,0.283,2.268
14.09.2021 01:32:34,3.084,2.830,0.288,2.317
14.09.2021 01:31:34,3.069,2.825,0.298,2.263
14.09.2021 01:30:34,3.084,2.825,0.303,2.243
14.09.2021 01:29:34,3.123,2.840,0.303,2.219
14.09.2021 01:28:34,3.079,2.840,0.293,2.292
14.09.2021 01:27:33,3.084,2.840,0.288,2.258
14.09.2021 01:26:34,3.084,2.820,0.293,2.268
14.09.2021 01:25:34,3.069,2.835,0.293,2.263
14.09.2021 01:24:34,3.084,2.830,0.288,2.273
14.09.2021 01:23:34,3.079,2.830,0.298,2.199
14.09.2021 01:22:34,3.079,2.830,0.313,2.229
14.09.2021 01:21:34,3.079,2.835,0.308,2.204
14.09.2021 01:20:34,3.069,2.835,0.323,2.219
14.09.2021 01:19:34,3.079,2.825,0.318,2.155
14.09.2021 01:18:34,3.089,2.845,0.327,2.234
14.09.2021 01:17:34,3.079,2.830,0.323,2.146
14.09.2021 01:16:34,3.084,2.830,0.313,2.229
14.09.2021 01:15:34,3.079,2.835,0.303,2.263
14.09.2021 01:14:34,3.084,2.830,0.303,2.307
14.09.2021 01:13:34,3.089,2.830,0.308,2.253
14.09.2021 01:12:34,3.074,2.835,0.313,2.224
14.09.2021 01:11:34,3.089,2.835,0.323,2.199
14.09.2021 01:10:34,3.074,2.840,0.332,2.214
14.09.2021 01:09:34,3.069,2.830,0.323,2.209
14.09.2021 01:08:34,3.084,2.830,0.332,2.209
14.09.2021 01:07:34,3.074,2.820,0.337,2.185
14.09.2021 01:06:34,3.084,2.849,0.332,2.199
14.09.2021 01:05:34,3.079,2.840,0.318,2.219
14.09.2021 01:04:34,3.069,2.835,0.327,2.170
14.09.2021 01:03:34,3.079,2.830,0.327,2.170
14.09.2021 01:02:34,3.079,2.840,0.337,2.190
14.09.2021 01:01:34,3.074,2.835,0.347,2.131
14.09.2021 01:00:34,3.084,2.845,0.352,2.175
14.09.2021 00:59:34,3.079,2.830,0.342,2.180
14.09.2021 00:58:34,3.074,2.835,0.347,2.175
14.09.2021 00:57:34,3.084,2.835,0.342,2.155
14.09.2021 00:56:34,3.069,2.820,0.347,2.131
14.09.2021 00:55:34,3.089,2.845,0.342,2.165
14.09.2021 00:54:34,3.079,2.835,0.347,2.151
14.09.2021 00:53:34,3.074,2.825,0.362,2.151
14.09.2021 00:52:34,3.084,2.840,0.352,2.126
14.09.2021 00:51:34,3.118,2.835,0.347,2.102
14.09.2021 00:50:34,3.074,2.830,0.362,2.121
14.09.2021 00:49:34,3.079,2.830,0.357,2.141
14.09.2021 00:48:34,3.074,2.835,0.357,2.136
14.09.2021 00:47:34,3.084,2.835,0.357,2.141
14.09.2021 00:46:34,3.079,2.830,0.362,2.131
14.09.2021 00:45:34,3.079,2.840,0.367,2.121
14.09.2021 00:44:34,3.079,2.840,0.367,2.121
14.09.2021 00:43:34,3.079,2.830,0.367,2.155
14.09.2021 00:42:34,3.089,2.830,0.371,2.136
14.09.2021 00:41:34,3.084,2.830,0.367,2.165
14.09.2021 00:40:34,3.074,2.830,0.357,2.102
14.09.2021 00:39:34,3.084,2.840,0.371,2.126
14.09.2021 00:38:34,3.084,2.825,0.367,2.097
14.09.2021 00:37:34,3.079,2.830,0.367,2.126
14.09.2021 00:36:34,3.084,2.840,0.371,2.141
14.09.2021 00:35:34,3.079,2.835,0.367,2.131
14.09.2021 00:34:34,3.079,2.840,0.367,2.087
14.09.2021 00:33:34,3.089,2.830,0.367,2.111
14.09.2021 00:32:34,3.069,2.825,0.367,2.151
14.09.2021 00:31:34,3.084,2.840,0.357,2.146
14.09.2021 00:30:33,3.074,2.835,0.357,2.160
14.09.2021 00:29:34,3.084,2.835,0.367,2.126
14.09.2021 00:28:34,3.079,2.835,0.357,2.126
14.09.2021 00:27:34,3.074,2.835,0.367,2.151
14.09.2021 00:26:34,3.069,2.825,0.362,2.155
14.09.2021 00:25:34,3.089,2.815,0.362,2.141
14.09.2021 00:24:34,3.079,2.835,0.357,2.165
14.09.2021 00:23:34,3.069,2.835,0.357,2.195
14.09.2021 00:22:34,3.084,2.825,0.357,2.165
14.09.2021 00:21:34,3.079,2.835,0.362,2.199
14.09.2021 00:20:34,3.079,2.835,0.367,2.175
14.09.2021 00:19:34,3.079,2.840,0.362,2.160
14.09.2021 00:18:34,3.074,2.825,0.362,2.141
14.09.2021 00:17:34,3.084,2.825,0.362,2.185
14.09.2021 00:16:34,3.084,2.830,0.352,2.141
14.09.2021 00:15:34,3.079,2.840,0.362,2.195
14.09.2021 00:14:34,3.079,2.845,0.347,2.199
14.09.2021 00:13:34,3.069,2.825,0.352,2.190
14.09.2021 00:12:34,3.074,2.830,0.337,2.224
14.09.2021 00:11:34,3.069,2.840,0.342,2.195
14.09.2021 00:10:34,3.079,2.825,0.342,2.204
14.09.2021 00:09:34,3.079,2.825,0.352,2.239
14.09.2021 00:08:34,3.084,2.825,0.342,2.239
14.09.2021 00:07:34,3.079,2.835,0.352,2.243
14.09.2021 00:06:34,3.084,2.830,0.342,2.219
14.09.2021 00:05:34,3.079,2.825,0.332,2.234
14.09.2021 00:04:34,3.079,2.825,0.327,2.248
14.09.2021 00:03:33,3.074,2.835,0.342,2.209
14.09.2021 00:02:34,3.079,2.830,0.337,2.224
14.09.2021 00:01:34,3.084,2.845,0.327,2.258
14.09.2021 00:00:34,3.074,2.825,0.327,2.224
13.09.2021 23:59:34,3.069,2.845,0.323,2.239
13.09.2021 23:58:34,3.079,2.840,0.318,2.283
13.09.2021 23:57:34,3.069,2.830,0.318,2.283
13.09.2021 23:56:34,3.084,2.845,0.318,2.312
13.09.2021 23:55:34,3.084,2.840,0.313,2.287
13.09.2021 23:54:34,3.079,2.815,0.327,2.283
13.09.2021 23:53:34,3.084,2.830,0.327,2.278
13.09.2021 23:52:34,3.079,2.830,0.327,2.190
13.09.2021 23:51:34,3.074,2.835,0.318,2.292
13.09.2021 23:50:34,3.089,2.830,0.313,2.312
13.09.2021 23:49:34,3.074,2.840,0.313,2.263
13.09.2021 23:48:34,3.084,2.825,0.318,2.297
13.09.2021 23:47:34,3.079,2.840,0.308,2.297
13.09.2021 23:46:34,3.079,2.830,0.318,2.312
13.09.2021 23:45:33,3.079,2.845,0.323,2.317
13.09.2021 23:44:34,3.084,2.830,0.318,2.273
13.09.2021 23:43:34,3.069,2.835,0.308,2.341
13.09.2021 23:42:34,3.079,2.835,0.308,2.361
13.09.2021 23:41:34,3.084,2.840,0.303,2.351
13.09.2021 23:40:34,3.094,2.840,0.298,2.326
13.09.2021 23:39:34,3.079,2.835,0.308,2.312
13.09.2021 23:38:34,3.074,2.820,0.313,2.322
13.09.2021 23:37:34,3.084,2.835,0.308,2.341
13.09.2021 23:36:34,3.084,2.840,0.308,2.356
13.09.2021 23:35:34,3.089,2.825,0.298,2.366
13.09.2021 23:34:34,3.084,2.830,0.288,2.351
13.09.2021 23:33:34,3.079,2.835,0.288,2.375
13.09.2021 23:32:34,3.074,2.835,0.293,2.380
13.09.2021 23:31:34,3.084,2.835,0.293,2.351
13.09.2021 23:30:34,3.074,2.825,0.293,2.385
13.09.2021 23:29:34,3.084,2.845,0.288,2.346
13.09.2021 23:28:34,3.079,2.845,0.288,2.356
13.09.2021 23:27:34,3.079,2.825,0.279,2.405
13.09.2021 23:26:33,3.084,2.845,0.293,2.370
13.09.2021 23:25:34,3.074,2.840,0.283,2.375
13.09.2021 23:24:34,3.094,2.845,0.293,2.375
13.09.2021 23:23:34,3.084,2.840,0.283,2.400
13.09.2021 23:22:34,3.079,2.849,0.283,2.375
13.09.2021 23:21:34,3.089,2.849,0.293,2.317
13.09.2021 23:20:33,3.084,2.849,0.279,2.380
13.09.2021 23:19:34,3.079,2.835,0.274,2.405
13.09.2021 23:18:33,3.089,2.830,0.283,2.424
13.09.2021 23:17:34,3.074,2.825,0.274,2.390
13.09.2021 23:16:34,3.079,2.830,0.283,2.380
13.09.2021 23:15:34,3.089,2.835,0.283,2.414
13.09.2021 23:14:34,3.089,2.835,0.269,2.390
13.09.2021 23:13:34,3.079,2.835,0.274,2.424
13.09.2021 23:12:34,3.089,2.840,0.269,2.434
13.09.2021 23:11:34,3.069,2.835,0.269,2.429
13.09.2021 23:10:34,3.079,2.845,0.264,2.405
13.09.2021 23:09:34,3.074,2.845,0.274,2.414
13.09.2021 23:08:34,3.079,2.835,0.274,2.405
13.09.2021 23:07:34,3.084,2.845,0.259,2.434
13.09.2021 23:06:34,3.079,2.845,0.269,2.419
13.09.2021 23:05:34,3.084,2.840,0.274,2.419
13.09.2021 23:04:34,3.089,2.840,0.269,2.385
13.09.2021 23:03:33,3.079,2.820,0.274,2.429
13.09.2021 23:02:34,3.089,2.849,0.274,2.439
13.09.2021 23:01:34,3.079,2.830,0.264,2.400
13.09.2021 23:00:34,3.079,2.835,0.264,2.458
13.09.2021 22:59:34,3.084,2.840,0.269,2.429
13.09.2021 22:58:34,3.069,2.835,0.249,2.439
13.09.2021 22:57:34,3.079,2.840,0.264,2.454
13.09.2021 22:56:34,3.084,2.849,0.259,2.458
13.09.2021 22:55:34,3.074,2.840,0.264,2.449
13.09.2021 22:54:33,3.133,2.830,0.264,2.463
13.09.2021 22:53:33,3.074,2.845,0.249,2.361
13.09.2021 22:52:33,3.079,2.840,0.254,2.424
13.09.2021 22:51:33,3.084,2.840,0.254,2.419
13.09.2021 22:50:34,3.079,2.830,0.259,2.454
13.09.2021 22:49:34,3.084,2.849,0.259,2.463
13.09.2021 22:48:34,3.079,2.845,0.254,2.458
13.09.2021 22:47:34,3.074,2.840,0.254,2.444
13.09.2021 22:46:34,3.079,2.835,0.254,2.410
13.09.2021 22:45:34,3.074,2.840,0.254,2.395
13.09.2021 22:44:34,3.079,2.840,0.249,2.405
13.09.2021 22:43:34,3.089,2.830,0.254,2.439
13.09.2021 22:42:34,3.079,2.849,0.249,2.414
13.09.2021 22:41:34,3.084,2.840,0.254,2.454
13.09.2021 22:40:34,3.084,2.845,0.254,2.488
13.09.2021 22:39:34,3.084,2.835,0.254,2.385
13.09.2021 22:38:34,3.079,2.840,0.249,2.429
13.09.2021 22:37:34,3.079,2.830,0.254,2.385
13.09.2021 22:36:34,3.079,2.835,0.254,2.370
13.09.2021 22:35:33,3.079,2.849,0.259,2.390
13.09.2021 22:34:34,3.084,2.849,0.254,2.380
13.09.2021 22:33:34,3.079,2.835,0.264,2.370
13.09.2021 22:32:33,3.084,2.845,0.259,2.454
13.09.2021 22:31:34,3.069,2.845,0.249,2.419
13.09.2021 22:30:34,3.084,2.845,0.259,2.326
13.09.2021 22:29:34,3.084,2.854,0.274,2.375
13.09.2021 22:28:34,3.084,2.849,0.259,2.400
13.09.2021 22:27:34,3.084,2.845,0.274,2.351
13.09.2021 22:26:34,3.079,2.835,0.264,2.278
13.09.2021 22:25:34,3.079,2.840,0.274,2.375
13.09.2021 22:24:34,3.089,2.849,0.283,2.322
13.09.2021 22:23:34,3.084,2.854,0.283,2.317
13.09.2021 22:22:34,3.074,2.835,0.293,2.336
13.09.2021 22:21:34,3.084,2.849,0.283,2.312
13.09.2021 22:20:33,3.069,2.849,0.293,2.322
13.09.2021 22:19:34,3.074,2.840,0.288,2.292
13.09.2021 22:18:34,3.089,2.849,0.293,2.312
13.09.2021 22:17:34,3.074,2.840,0.293,2.268
13.09.2021 22:16:34,3.084,2.854,0.303,2.322
13.09.2021 22:15:34,3.084,2.845,0.298,2.317
13.09.2021 22:14:34,3.084,2.840,0.303,2.283
13.09.2021 22:13:34,3.079,2.840,0.303,2.268
13.09.2021 22:12:33,3.074,2.845,0.293,2.336
13.09.2021 22:11:34,3.089,2.854,0.318,2.263
13.09.2021 22:10:33,3.079,2.849,0.313,2.229
13.09.2021 22:09:33,3.079,2.849,0.313,2.278
13.09.2021 22:08:34,3.084,2.845,0.313,2.322
13.09.2021 22:07:34,3.089,2.845,0.323,2.214
13.09.2021 22:06:34,3.069,2.845,0.308,2.248
13.09.2021 22:05:33,3.079,2.845,0.318,2.283
13.09.2021 22:04:34,3.084,2.849,0.323,2.209
13.09.2021 22:03:33,3.084,2.845,0.342,2.204
13.09.2021 22:02:34,3.074,2.845,0.327,2.219
13.09.2021 22:01:34,3.074,2.845,0.342,2.195
13.09.2021 22:00:34,3.079,2.849,0.342,2.239
13.09.2021 21:59:34,3.079,2.845,0.332,2.209
13.09.2021 21:58:34,3.079,2.835,0.332,2.219
13.09.2021 21:57:34,3.079,2.859,0.332,2.199
13.09.2021 21:56:34,3.069,2.845,0.332,2.180
13.09.2021 21:55:34,3.079,2.835,0.327,2.219
13.09.2021 21:54:34,3.079,2.845,0.342,2.160
13.09.2021 21:53:34,3.074,2.840,0.342,2.175
13.09.2021 21:52:34,3.079,2.845,0.337,2.195
13.09.2021 21:51:34,3.084,2.849,0.342,2.180
13.09.2021 21:50:34,3.079,2.849,0.337,2.175
13.09.2021 21:49:34,3.079,2.835,0.337,2.180
13.09.2021 21:48:34,3.074,2.845,0.352,2.165
13.09.2021 21:47:34,3.079,2.845,0.352,2.146
13.09.2021 21:46:34,3.079,2.849,0.347,2.170
13.09.2021 21:45:34,3.074,2.849,0.352,2.155
13.09.2021 21:44:34,3.084,2.849,0.357,2.160
13.09.2021 21:43:34,3.079,2.854,0.357,2.126
13.09.2021 21:42:34,3.074,2.845,0.342,2.151
13.09.2021 21:41:34,3.079,2.849,0.352,2.155
13.09.2021 21:40:34,3.079,2.835,0.352,2.190
13.09.2021 21:39:33,3.074,2.849,0.352,2.175
13.09.2021 21:38:34,3.079,2.854,0.362,2.131
13.09.2021 21:37:34,3.079,2.845,0.347,2.165
13.09.2021 21:36:33,3.084,2.849,0.362,2.155
13.09.2021 21:35:34,3.074,2.835,0.367,2.141
13.09.2021 21:34:33,3.074,2.840,0.362,2.155
13.09.2021 21:33:34,3.084,2.859,0.357,2.146
13.09.2021 21:32:33,3.074,2.849,0.362,2.102
13.09.2021 21:31:33,3.089,2.859,0.371,2.126
13.09.2021 21:30:33,3.079,2.849,0.362,2.126
13.09.2021 21:29:34,3.074,2.830,0.371,2.121
13.09.2021 21:28:34,3.074,2.849,0.367,2.151
13.09.2021 21:27:33,3.079,2.845,0.371,2.102
13.09.2021 21:26:33,3.079,2.840,0.371,2.126
13.09.2021 21:25:34,3.084,2.849,0.362,2.155
13.09.2021 21:24:34,3.084,2.849,0.362,2.170
13.09.2021 21:23:33,3.084,2.845,0.367,2.121
13.09.2021 21:22:34,3.084,2.845,0.371,2.131
13.09.2021 21:21:34,3.074,2.849,0.362,2.136
13.09.2021 21:20:34,3.079,2.845,0.357,2.116
13.09.2021 21:19:34,3.079,2.859,0.371,2.131
13.09.2021 21:18:34,3.079,2.849,0.362,2.141
13.09.2021 21:17:34,3.089,2.835,0.371,2.141
13.09.2021 21:16:34,3.084,2.830,0.371,2.170
13.09.2021 21:15:34,3.084,2.840,0.371,2.092
13.09.2021 21:14:34,3.084,2.854,0.371,2.151
13.09.2021 21:13:34,3.074,2.835,0.367,2.121
13.09.2021 21:12:34,3.089,2.854,0.367,2.136
13.09.2021 21:11:34,3.084,2.845,0.371,2.136
13.09.2021 21:10:34,3.074,2.845,0.371,2.146
13.09.2021 21:09:34,3.084,2.835,0.371,2.131
13.09.2021 21:08:34,3.084,2.849,0.371,2.126
13.09.2021 21:07:34,3.094,2.835,0.376,2.087
13.09.2021 21:06:34,3.094,2.845,0.371,2.116
13.09.2021 21:05:34,3.084,2.849,0.371,2.136
13.09.2021 21:04:34,3.089,2.830,0.371,2.131
13.09.2021 21:03:34,3.079,2.840,0.371,2.146
13.09.2021 21:02:34,3.079,2.835,0.371,2.087
13.09.2021 21:01:34,3.084,2.849,0.371,2.175
13.09.2021 21:00:34,3.074,2.859,0.371,2.131
13.09.2021 20:59:34,3.074,2.845,0.371,2.136
13.09.2021 20:58:33,3.074,2.849,0.371,2.141
13.09.2021 20:57:34,3.079,2.840,0.367,2.146
13.09.2021 20:56:33,3.084,2.840,0.357,2.170
13.09.2021 20:55:33,3.089,2.849,0.367,2.131
13.09.2021 20:54:33,3.084,2.845,0.371,2.116
13.09.2021 20:53:34,3.079,2.849,0.367,2.155
13.09.2021 20:52:33,3.084,2.840,0.367,2.146
13.09.2021 20:51:34,3.079,2.849,0.367,2.155
13.09.2021 20:50:34,3.079,2.849,0.367,2.146
13.09.2021 20:49:34,3.074,2.835,0.362,2.155
13.09.2021 20:48:33,3.084,2.840,0.371,2.180
13.09.2021 20:47:34,3.084,2.840,0.371,2.170
13.09.2021 20:46:34,3.079,2.835,0.362,2.155
13.09.2021 20:45:34,3.079,2.849,0.362,2.131
13.09.2021 20:44:33,3.084,2.845,0.357,2.160
13.09.2021 20:43:34,3.074,2.840,0.367,2.175
13.09.2021 20:42:34,3.079,2.854,0.357,2.155
13.09.2021 20:41:34,3.084,2.840,0.357,2.219
13.09.2021 20:40:33,3.084,2.849,0.362,2.180
13.09.2021 20:39:33,3.079,2.854,0.367,2.087
13.09.2021 20:38:33,3.074,2.825,0.357,2.185
13.09.2021 20:37:34,3.089,2.849,0.357,2.146
13.09.2021 20:36:34,3.084,2.849,0.357,2.141
13.09.2021 20:35:33,3.079,2.854,0.357,2.185
13.09.2021 20:34:34,3.084,2.849,0.362,2.185
13.09.2021 20:33:34,3.089,2.845,0.357,2.199
13.09.2021 20:32:34,3.079,2.840,0.352,2.214
13.09.2021 20:31:34,3.084,2.849,0.332,2.195
13.09.2021 20:30:33,3.074,2.849,0.347,2.243
13.09.2021 20:29:34,3.079,2.849,0.347,2.214
13.09.2021 20:28:33,3.084,2.854,0.352,2.219
13.09.2021 20:27:34,3.074,2.849,0.347,2.190
13.09.2021 20:26:33,3.089,2.854,0.342,2.239
13.09.2021 20:25:34,3.084,2.849,0.342,2.258
13.09.2021 20:24:33,3.074,2.849,0.342,2.214
13.09.2021 20:23:34,3.079,2.854,0.342,2.239
13.09.2021 20:22:34,3.084,2.840,0.342,2.248
13.09.2021 20:21:34,3.079,2.845,0.342,2.199
13.09.2021 20:20:34,3.084,2.845,0.342,2.258
13.09.2021 20:19:34,3.074,2.845,0.332,2.278
13.09.2021 20:18:34,3.084,2.840,0.332,2.239
13.09.2021 20:17:33,3.079,2.859,0.332,2.258
13.09.2021 20:16:34,3.079,2.849,0.332,2.292
13.09.2021 20:15:34,3.084,2.859,0.327,2.214
13.09.2021 20:14:33,3.079,2.854,0.332,2.268
13.09.2021 20:13:34,3.079,2.845,0.327,2.283
13.09.2021 20:12:33,3.089,2.854,0.323,2.292
13.09.2021 20:11:34,3.074,2.854,0.332,2.312
13.09.2021 20:10:33,3.079,2.859,0.327,2.331
13.09.2021 20:09:34,3.079,2.849,0.323,2.312
13.09.2021 20:08:34,3.079,2.840,0.313,2.326
13.09.2021 20:07:33,3.084,2.840,0.303,2.326
13.09.2021 20:06:34,3.084,2.854,0.318,2.317
13.09.2021 20:05:34,3.079,2.849,0.308,2.356
13.09.2021 20:04:34,3.084,2.854,0.303,2.331
13.09.2021 20:03:34,3.079,2.845,0.303,2.336
13.09.2021 20:02:34,3.084,2.854,0.313,2.292
13.09.2021 20:01:34,3.089,2.854,0.293,2.317
13.09.2021 20:00:33,3.079,2.845,0.279,2.385
13.09.2021 19:59:34,3.089,2.854,0.293,2.380
13.09.2021 19:58:34,3.084,2.854,0.283,2.405
13.09.2021 19:57:34,3.089,2.849,0.279,2.351
13.09.2021 19:56:34,3.079,2.854,0.288,2.390
13.09.2021 19:55:34,3.084,2.849,0.293,2.361
13.09.2021 19:54:33,3.089,2.849,0.293,2.361
13.09.2021 19:53:34,3.089,2.854,0.293,2.341
13.09.2021 19:52:34,3.079,2.845,0.283,2.380
13.09.2021 19:51:33,3.084,2.854,0.283,2.395
13.09.2021 19:50:34,3.079,2.859,0.274,2.400
13.09.2021 19:49:33,3.089,2.854,0.279,2.405
13.09.2021 19:48:33,3.089,2.849,0.283,2.414
13.09.2021 19:47:34,3.079,2.849,0.283,2.361
13.09.2021 19:46:34,3.089,2.849,0.274,2.458
13.09.2021 19:45:34,3.084,2.835,0.279,2.424
13.09.2021 19:44:34,3.074,2.849,0.279,2.414
13.09.2021 19:43:34,3.084,2.849,0.269,2.434
13.09.2021 19:42:34,3.084,2.840,0.269,2.419
13.09.2021 19:41:34,3.069,2.845,0.269,2.434
13.09.2021 19:40:34,3.099,2.879,0.274,2.410
13.09.2021 19:39:34,3.074,2.840,0.269,2.449
13.09.2021 19:38:33,3.074,2.840,0.274,2.454
13.09.2021 19:37:33,3.084,2.849,0.269,2.463
13.09.2021 19:36:33,3.074,2.830,0.269,2.419
13.09.2021 19:35:33,3.089,2.849,0.279,2.419
13.09.2021 19:34:34,3.074,2.835,0.269,2.434
13.09.2021 19:33:34,3.079,2.845,0.288,2.410
13.09.2021 19:32:34,3.084,2.849,0.293,2.375
13.09.2021 19:31:34,3.089,2.737,0.313,2.053
13.09.2021 19:30:33,3.079,2.737,0.313,2.023
13.09.2021 19:29:34,3.089,2.761,0.313,2.077
13.09.2021 19:28:33,3.084,2.752,0.303,2.028
13.09.2021 19:27:34,3.084,2.761,0.313,2.102
13.09.2021 19:26:34,3.079,2.752,0.298,2.067
13.09.2021 19:25:33,3.079,2.678,0.308,2.116
13.09.2021 19:24:34,3.084,2.771,0.303,2.067
13.09.2021 19:23:34,3.079,2.757,0.298,2.077
13.09.2021 19:22:34,3.079,2.771,0.293,2.170
13.09.2021 19:21:34,3.084,2.761,0.293,2.111
13.09.2021 19:20:34,3.079,2.766,0.283,2.141
13.09.2021 19:19:34,3.084,2.766,0.279,2.160
13.09.2021 19:18:33,3.079,2.761,0.274,2.160
13.09.2021 19:17:33,3.074,2.771,0.279,2.175
13.09.2021 19:16:34,3.084,2.761,0.269,2.180
13.09.2021 19:15:33,3.079,2.752,0.269,2.204
13.09.2021 19:14:34,3.079,2.771,0.264,2.190
13.09.2021 19:13:34,3.084,2.766,0.264,2.214
13.09.2021 19:12:34,3.079,2.757,0.264,2.165
13.09.2021 19:11:34,3.089,2.766,0.254,2.170
13.09.2021 19:10:34,3.089,2.761,0.249,2.170
13.09.2021 19:09:33,3.079,2.766,0.254,2.180
13.09.2021 19:08:34,3.084,2.766,0.254,2.224
13.09.2021 19:07:33,3.084,2.766,0.254,2.229
13.09.2021 19:06:34,3.074,2.761,0.244,2.229
13.09.2021 19:05:34,3.079,2.766,0.244,2.234
13.09.2021 19:04:33,3.079,2.761,0.239,2.258
13.09.2021 19:03:33,3.089,2.771,0.244,2.248
13.09.2021 19:02:34,3.089,2.771,0.244,2.234
13.09.2021 19:01:33,3.079,2.766,0.239,2.214
13.09.2021 19:00:34,3.084,2.776,0.239,2.229
13.09.2021 18:59:34,3.089,2.766,0.239,2.278
13.09.2021 18:58:34,3.079,2.766,0.244,2.243
13.09.2021 18:57:33,3.084,2.771,0.230,2.219
13.09.2021 18:56:33,3.084,2.771,0.235,2.219
13.09.2021 18:55:33,3.079,2.771,0.239,2.239
13.09.2021 18:54:34,3.089,2.766,0.235,2.278
13.09.2021 18:53:34,3.074,2.752,0.235,2.292
13.09.2021 18:52:33,3.084,2.766,0.235,2.243
13.09.2021 18:51:34,3.089,2.771,0.230,2.219
13.09.2021 18:50:34,3.084,2.757,0.235,2.199
13.09.2021 18:49:34,3.079,2.771,0.239,2.234
13.09.2021 18:48:33,3.084,2.752,0.235,2.268
13.09.2021 18:47:34,3.084,2.776,0.239,2.229
13.09.2021 18:46:33,3.079,2.776,0.235,2.243
13.09.2021 18:45:34,3.074,2.781,0.244,2.234
13.09.2021 18:44:33,3.089,2.776,0.244,2.151
13.09.2021 18:43:33,3.089,2.776,0.244,2.243
13.09.2021 18:42:33,3.084,2.771,0.254,2.170
13.09.2021 18:41:33,3.084,2.781,0.254,2.165
13.09.2021 18:40:34,3.089,2.766,0.259,2.146
13.09.2021 18:39:34,3.079,2.781,0.264,2.199
13.09.2021 18:38:33,3.094,2.791,0.264,2.170
13.09.2021 18:37:34,3.079,2.781,0.269,2.102
13.09.2021 18:36:34,3.074,2.781,0.259,2.151
13.09.2021 18:35:34,3.089,2.791,0.274,2.082
13.09.2021 18:34:33,3.079,2.781,0.274,2.107
13.09.2021 18:33:34,3.084,2.781,0.283,2.092
13.09.2021 18:32:34,3.084,2.781,0.288,2.033
13.09.2021 18:31:33,3.084,2.791,0.293,2.111
13.09.2021 18:30:34,3.079,2.781,0.293,2.082
13.09.2021 18:29:33,3.074,2.776,0.298,2.097
13.09.2021 18:28:33,3.084,2.791,0.303,2.053
13.09.2021 18:27:34,3.089,2.771,0.303,2.087
13.09.2021 18:26:33,3.079,2.781,0.308,2.053
13.09.2021 18:25:34,3.089,2.791,0.313,2.028
13.09.2021 18:24:34,3.079,2.786,0.318,2.043
13.09.2021 18:23:33,3.084,2.776,0.318,2.038
13.09.2021 18:22:34,3.084,2.786,0.318,2.009
13.09.2021 18:21:33,3.084,2.781,0.318,2.019
13.09.2021 18:20:33,3.079,2.786,0.323,2.028
13.09.2021 18:19:34,3.084,2.786,0.327,2.043
13.09.2021 18:18:34,3.084,2.786,0.327,2.004
13.09.2021 18:17:33,3.079,2.786,0.332,1.994
13.09.2021 18:16:33,3.089,2.791,0.327,1.984
13.09.2021 18:15:33,3.079,2.791,0.337,1.999
13.09.2021 18:14:33,3.094,2.796,0.337,2.004
13.09.2021 18:13:33,3.084,2.781,0.337,1.984
13.09.2021 18:12:33,3.089,2.786,0.332,1.984
13.09.2021 18:11:34,3.089,2.786,0.342,1.955
13.09.2021 18:10:33,3.079,2.786,0.342,1.950
13.09.2021 18:09:33,3.079,2.786,0.342,1.984
13.09.2021 18:08:34,3.079,2.781,0.347,1.979
13.09.2021 18:07:34,3.079,2.781,0.337,1.960
13.09.2021 18:06:33,3.089,2.791,0.337,2.004
13.09.2021 18:05:33,3.069,2.781,0.342,1.970
13.09.2021 18:04:33,3.089,2.791,0.352,1.994
13.09.2021 18:03:34,3.094,2.796,0.352,1.970
13.09.2021 18:02:33,3.079,2.771,0.347,1.955
13.09.2021 18:01:34,3.084,2.796,0.352,1.940
13.09.2021 18:00:34,3.079,2.796,0.347,1.940
13.09.2021 17:59:33,3.084,2.791,0.347,1.984
13.09.2021 17:58:33,3.089,2.796,0.347,1.989
13.09.2021 17:57:33,3.079,2.786,0.352,1.965
13.09.2021 17:56:33,3.074,2.776,0.342,1.984
13.09.2021 17:55:33,3.079,2.791,0.347,2.014
13.09.2021 17:54:33,3.079,2.791,0.342,1.994
13.09.2021 17:53:33,3.069,2.796,0.342,1.979
13.09.2021 17:52:34,3.094,2.796,0.342,2.004
13.09.2021 17:51:34,3.084,2.781,0.337,1.984
13.09.2021 17:50:33,3.079,2.796,0.342,2.014
13.09.2021 17:49:33,3.089,2.791,0.337,2.038
13.09.2021 17:48:34,3.074,2.796,0.323,2.038
13.09.2021 17:47:33,3.084,2.791,0.337,2.014
13.09.2021 17:46:33,3.074,2.781,0.327,2.023
13.09.2021 17:45:33,3.089,2.796,0.332,2.063
13.09.2021 17:44:33,3.084,2.786,0.332,2.082
13.09.2021 17:43:33,3.069,2.791,0.323,2.072
13.09.2021 17:42:34,3.069,2.776,0.308,2.072
13.09.2021 17:41:33,3.084,2.791,0.313,2.107
13.09.2021 17:40:33,3.074,2.791,0.313,2.102
13.09.2021 17:39:34,3.084,2.801,0.303,2.121
13.09.2021 17:38:33,3.084,2.796,0.293,2.126
13.09.2021 17:37:33,3.084,2.796,0.293,2.131
13.09.2021 17:36:33,3.084,2.805,0.298,2.141
13.09.2021 17:35:33,3.079,2.786,0.293,2.170
13.09.2021 17:34:34,3.079,2.796,0.288,2.180
13.09.2021 17:33:33,3.089,2.801,0.288,2.185
13.09.2021 17:32:33,3.084,2.796,0.283,2.199
13.09.2021 17:31:33,3.074,2.796,0.283,2.185
13.09.2021 17:30:34,3.079,2.791,0.283,2.155
13.09.2021 17:29:33,3.074,2.791,0.269,2.209
13.09.2021 17:28:34,3.079,2.805,0.274,2.190
13.09.2021 17:27:34,3.089,2.796,0.274,2.229
13.09.2021 17:26:34,3.084,2.791,0.269,2.204
13.09.2021 17:25:33,3.084,2.796,0.269,2.209
13.09.2021 17:24:34,3.084,2.796,0.274,2.229
13.09.2021 17:23:34,3.084,2.786,0.264,2.209
13.09.2021 17:22:34,3.084,2.801,0.259,2.229
13.09.2021 17:21:34,3.089,2.796,0.264,2.258
13.09.2021 17:20:33,3.079,2.786,0.269,2.199
13.09.2021 17:19:33,3.094,2.796,0.259,2.253
13.09.2021 17:18:33,3.079,2.801,0.274,2.234
13.09.2021 17:17:33,3.089,2.796,0.269,2.243
13.09.2021 17:16:33,3.084,2.786,0.269,2.209
13.09.2021 17:15:34,3.084,2.786,0.264,2.239
13.09.2021 17:14:33,3.089,2.786,0.259,2.239
13.09.2021 17:13:34,3.084,2.801,0.254,2.268
13.09.2021 17:12:34,3.084,2.781,0.254,2.283
13.09.2021 17:11:33,3.089,2.791,0.249,2.312
13.09.2021 17:10:34,3.084,2.791,0.254,2.302
13.09.2021 17:09:33,3.084,2.796,0.239,2.278
13.09.2021 17:08:34,3.079,2.801,0.239,2.258
13.09.2021 17:07:33,3.084,2.791,0.235,2.278
13.09.2021 17:06:33,3.089,2.791,0.239,2.292
13.09.2021 17:05:33,3.084,2.786,0.235,2.234
13.09.2021 17:04:33,3.094,2.786,0.235,2.273
13.09.2021 17:03:33,3.089,2.805,0.235,2.292
13.09.2021 17:02:33,3.079,2.796,0.244,2.273
13.09.2021 17:02:27,3.084,2.796,0.244,2.292
13.09.2021 17:02:21,3.084,2.801,0.239,2.263
13.09.2021 17:02:17,3.079,2.786,0.244,2.229
13.09.2021 17:02:11,3.084,2.791,0.239,2.258
13.09.2021 17:02:06,3.089,2.801,0.239,2.268
13.09.2021 17:02:01,3.074,2.791,0.239,2.219
13.09.2021 17:01:57,3.079,2.796,0.235,2.292
13.09.2021 17:01:51,3.084,2.796,0.239,2.292
13.09.2021 17:01:47,3.089,2.805,0.239,2.292
13.09.2021 17:01:42,3.094,2.801,0.239,2.263
13.09.2021 17:01:36,3.079,2.796,0.235,2.248
13.09.2021 17:01:32,3.074,2.791,0.239,2.302
13.09.2021 17:01:26,3.089,2.805,0.239,2.243
13.09.2021 17:01:21,3.084,2.791,0.239,2.239
13.09.2021 17:01:16,3.079,2.791,0.235,2.239
13.09.2021 17:01:11,3.079,2.776,0.235,2.278
13.09.2021 17:01:06,3.074,2.801,0.239,2.234
13.09.2021 17:01:02,3.069,2.791,0.235,2.273
13.09.2021 17:00:56,3.094,2.796,0.244,2.283
13.09.2021 17:00:52,3.094,2.791,0.239,2.248
13.09.2021 17:00:46,3.079,2.801,0.239,2.214
13.09.2021 17:00:41,3.079,2.786,0.244,2.263
13.09.2021 17:00:37,3.079,2.781,0.244,2.292
13.09.2021 17:00:31,3.089,2.805,0.239,2.248
13.09.2021 17:00:27,3.084,2.801,0.239,2.268
13.09.2021 17:00:22,3.089,2.796,0.239,2.278
13.09.2021 17:00:16,3.084,2.796,0.239,2.287
13.09.2021 17:00:11,3.089,2.801,0.239,2.268
13.09.2021 17:00:06,3.089,2.801,0.239,2.263
13.09.2021 17:00:02,3.089,2.801,0.239,2.253
13.09.2021 16:59:56,3.079,2.791,0.239,2.273
13.09.2021 16:59:51,3.084,2.801,0.239,2.258
13.09.2021 16:59:47,3.084,2.801,0.244,2.268
13.09.2021 16:59:42,3.084,2.796,0.239,2.253
13.09.2021 16:59:36,3.089,2.791,0.239,2.302
13.09.2021 16:59:31,3.084,2.791,0.239,2.263
13.09.2021 16:59:27,3.079,2.791,0.239,2.224
13.09.2021 16:59:22,3.079,2.801,0.239,2.248
13.09.2021 16:59:17,3.079,2.796,0.239,2.239
13.09.2021 16:59:11,3.089,2.796,0.239,2.229
13.09.2021 16:59:07,3.084,2.791,0.239,2.253
13.09.2021 16:59:02,3.084,2.786,0.235,2.243
13.09.2021 16:58:57,3.094,2.801,0.239,2.243
13.09.2021 16:58:51,3.079,2.796,0.239,2.273
13.09.2021 16:58:47,3.089,2.805,0.235,2.258
13.09.2021 16:58:42,3.079,2.796,0.239,2.258
13.09.2021 16:58:36,3.084,2.791,0.239,2.263
13.09.2021 16:58:31,3.089,2.796,0.239,2.263
13.09.2021 16:58:26,3.089,2.796,0.239,2.268
13.09.2021 16:58:21,3.089,2.801,0.235,2.253
13.09.2021 16:58:16,3.084,2.791,0.244,2.268
13.09.2021 16:58:12,3.079,2.801,0.239,2.234
13.09.2021 16:58:07,3.079,2.786,0.239,2.234
13.09.2021 16:58:01,3.084,2.796,0.239,2.278
13.09.2021 16:57:56,3.079,2.801,0.235,2.263
13.09.2021 16:57:51,3.074,2.791,0.239,2.297
13.09.2021 16:57:46,3.069,2.786,0.239,2.292
13.09.2021 16:57:42,3.084,2.786,0.239,2.302
13.09.2021 16:57:37,3.084,2.801,0.239,2.292
13.09.2021 16:57:31,3.089,2.791,0.239,2.283
13.09.2021 16:57:27,3.084,2.805,0.239,2.278
13.09.2021 16:57:22,3.079,2.786,0.235,2.292
13.09.2021 16:57:16,3.084,2.781,0.235,2.312
13.09.2021 16:57:12,3.079,2.796,0.230,2.248
13.09.2021 16:57:06,3.079,2.796,0.235,2.253
13.09.2021 16:57:02,3.084,2.791,0.235,2.263
13.09.2021 16:56:56,3.084,2.791,0.235,2.297
13.09.2021 16:56:51,3.074,2.791,0.235,2.229
13.09.2021 16:56:46,3.084,2.796,0.239,2.297
13.09.2021 16:56:41,3.118,2.801,0.244,2.297
13.09.2021 16:56:37,3.089,2.805,0.235,2.297
13.09.2021 16:56:31,3.079,2.801,0.235,2.287
13.09.2021 16:56:26,3.079,2.781,0.235,2.273
13.09.2021 16:56:21,3.089,2.796,0.239,2.263
13.09.2021 16:56:16,3.079,2.830,0.239,2.229
13.09.2021 16:56:12,3.079,2.791,0.235,2.278
13.09.2021 16:56:06,3.079,2.791,0.239,2.273
13.09.2021 16:56:01,3.089,2.786,0.235,2.268
13.09.2021 16:55:56,3.084,2.791,0.239,2.292
13.09.2021 16:55:52,3.084,2.791,0.239,2.268
13.09.2021 16:55:46,3.089,2.796,0.235,2.268
13.09.2021 16:55:42,3.074,2.791,0.239,2.278
13.09.2021 16:55:37,3.084,2.796,0.235,2.283
13.09.2021 16:55:31,3.094,2.801,0.239,2.268
13.09.2021 16:55:26,3.089,2.801,0.239,2.278
13.09.2021 16:55:21,3.074,2.786,0.239,2.214
13.09.2021 16:55:16,3.079,2.791,0.239,2.219
13.09.2021 16:55:12,3.069,2.791,0.239,2.287
13.09.2021 16:55:07,3.094,2.805,0.239,2.263
13.09.2021 16:55:01,3.084,2.791,0.239,2.312
13.09.2021 16:54:57,3.089,2.801,0.239,2.302
13.09.2021 16:54:51,3.079,2.791,0.235,2.268
13.09.2021 16:54:46,3.079,2.796,0.239,2.234
13.09.2021 16:54:41,3.094,2.801,0.239,2.283
13.09.2021 16:54:36,3.094,2.791,0.239,2.248
13.09.2021 16:54:31,3.084,2.796,0.239,2.229
13.09.2021 16:54:26,3.079,2.791,0.235,2.263
13.09.2021 16:54:21,3.089,2.801,0.239,2.283
13.09.2021 16:54:16,3.079,2.801,0.239,2.273
13.09.2021 16:54:11,3.089,2.801,0.244,2.258
13.09.2021 16:54:06,3.084,2.796,0.235,2.283
13.09.2021 16:54:01,3.079,2.796,0.239,2.253
13.09.2021 16:53:56,3.079,2.796,0.244,2.268
13.09.2021 16:53:51,3.079,2.801,0.239,2.263
13.09.2021 16:53:46,3.094,2.801,0.244,2.258
13.09.2021 16:53:42,3.084,2.801,0.244,2.268
13.09.2021 16:53:36,3.079,2.781,0.239,2.253
13.09.2021 16:53:31,3.079,2.791,0.239,2.229
13.09.2021 16:53:26,3.089,2.796,0.239,2.302
13.09.2021 16:53:21,3.084,2.791,0.239,2.263
13.09.2021 16:53:16,3.089,2.796,0.239,2.253
13.09.2021 16:53:11,3.084,2.796,0.239,2.292
13.09.2021 16:53:06,3.084,2.791,0.239,2.239
13.09.2021 16:53:01,3.079,2.786,0.244,2.283
13.09.2021 16:52:57,3.094,2.796,0.244,2.248
13.09.2021 16:52:51,3.084,2.796,0.244,2.278
13.09.2021 16:52:46,3.084,2.781,0.244,2.224
13.09.2021 16:52:41,3.079,2.791,0.244,2.258
13.09.2021 16:52:37,3.089,2.786,0.244,2.248
13.09.2021 16:52:31,3.089,2.805,0.244,2.248
13.09.2021 16:52:26,3.094,2.796,0.244,2.239
13.09.2021 16:52:21,3.079,2.796,0.239,2.273
13.09.2021 16:52:16,3.089,2.796,0.239,2.287
13.09.2021 16:52:11,3.079,2.791,0.239,2.253
13.09.2021 16:52:06,3.094,2.801,0.244,2.258
13.09.2021 16:52:01,3.079,2.791,0.244,2.263
13.09.2021 16:51:56,3.079,2.796,0.239,2.297
13.09.2021 16:51:51,3.079,2.781,0.239,2.268
13.09.2021 16:51:46,3.079,2.786,0.244,2.268
13.09.2021 16:51:41,3.079,2.805,0.235,2.273
13.09.2021 16:51:36,3.089,2.796,0.244,2.268
13.09.2021 16:51:31,3.079,2.796,0.244,2.297
13.09.2021 16:51:26,3.084,2.796,0.244,2.302
13.09.2021 16:51:22,3.079,2.791,0.244,2.243
13.09.2021 16:51:16,3.084,2.781,0.244,2.268
13.09.2021 16:51:11,3.079,2.796,0.244,2.243
13.09.2021 16:51:06,3.084,2.791,0.244,2.263
13.09.2021 16:51:01,3.079,2.786,0.244,2.263
13.09.2021 16:50:56,3.089,2.791,0.244,2.258
13.09.2021 16:50:51,3.094,2.796,0.239,2.243
13.09.2021 16:50:46,3.084,2.791,0.244,2.243
13.09.2021 16:50:42,3.089,2.801,0.244,2.273
13.09.2021 16:50:36,3.084,2.796,0.239,2.243
13.09.2021 16:50:31,3.079,2.796,0.244,2.258
13.09.2021 16:50:26,3.084,2.786,0.244,2.268
13.09.2021 16:50:21,3.094,2.791,0.244,2.287
13.09.2021 16:50:16,3.089,2.791,0.244,2.283
13.09.2021 16:50:11,3.079,2.791,0.235,2.273
13.09.2021 16:50:06,3.094,2.801,0.244,2.258
13.09.2021 16:50:01,3.084,2.791,0.239,2.224
13.09.2021 16:49:57,3.089,2.801,0.244,2.302
13.09.2021 16:49:51,3.084,2.786,0.239,2.283
13.09.2021 16:49:46,3.084,2.786,0.244,2.234
13.09.2021 16:49:41,3.084,2.801,0.244,2.258
13.09.2021 16:49:36,3.074,2.796,0.244,2.292
13.09.2021 16:49:31,3.084,2.791,0.244,2.278
13.09.2021 16:49:26,3.089,2.791,0.239,2.297
13.09.2021 16:49:22,3.084,2.791,0.244,2.234
13.09.2021 16:49:16,3.084,2.796,0.244,2.268
13.09.2021 16:49:12,3.089,2.796,0.244,2.239
13.09.2021 16:49:06,3.084,2.796,0.244,2.248
13.09.2021 16:49:01,3.079,2.791,0.239,2.307
13.09.2021 16:48:56,3.084,2.791,0.244,2.268
13.09.2021 16:48:51,3.084,2.791,0.239,2.248
13.09.2021 16:48:46,3.094,2.801,0.244,2.297
13.09.2021 16:48:41,3.084,2.796,0.239,2.248
13.09.2021 16:48:36,3.089,2.791,0.244,2.268
13.09.2021 16:48:31,3.084,2.791,0.239,2.278
13.09.2021 16:48:26,3.084,2.791,0.239,2.273
13.09.2021 16:48:22,3.089,2.801,0.244,2.253
13.09.2021 16:48:16,3.084,2.791,0.244,2.248
13.09.2021 16:48:11,3.084,2.791,0.239,2.253
13.09.2021 16:48:06,3.079,2.791,0.244,2.219
13.09.2021 16:48:01,3.079,2.786,0.244,2.180
13.09.2021 16:47:56,3.089,2.796,0.239,2.248
13.09.2021 16:47:51,3.079,2.791,0.244,2.258
13.09.2021 16:47:46,3.089,2.801,0.244,2.253
13.09.2021 16:47:41,3.079,2.791,0.235,2.278
13.09.2021 16:47:36,3.079,2.791,0.244,2.278
13.09.2021 16:47:31,3.084,2.801,0.244,2.263
13.09.2021 16:47:26,3.084,2.796,0.244,2.243
13.09.2021 16:47:21,3.089,2.796,0.239,2.243
13.09.2021 16:47:16,3.079,2.796,0.249,2.263
13.09.2021 16:47:11,3.084,2.786,0.249,2.204
13.09.2021 16:47:06,3.084,2.801,0.244,2.234
13.09.2021 16:47:02,3.089,2.801,0.244,2.214
13.09.2021 16:46:56,3.089,2.796,0.249,2.263
13.09.2021 16:46:51,3.084,2.786,0.254,2.165
13.09.2021 16:46:46,3.089,2.801,0.249,2.248
13.09.2021 16:46:41,3.089,2.801,0.249,2.224
13.09.2021 16:46:36,3.094,2.805,0.249,2.248
13.09.2021 16:46:31,3.079,2.796,0.249,2.234
13.09.2021 16:46:26,3.094,2.796,0.254,2.248
13.09.2021 16:46:21,3.084,2.805,0.239,2.214
13.09.2021 16:46:16,3.079,2.805,0.254,2.234
13.09.2021 16:46:12,3.079,2.796,0.244,2.248
13.09.2021 16:46:07,3.094,2.796,0.244,2.229
13.09.2021 16:46:01,3.084,2.791,0.239,2.263
13.09.2021 16:45:56,3.079,2.791,0.249,2.234
13.09.2021 16:45:51,3.084,2.801,0.254,2.219
13.09.2021 16:45:46,3.089,2.801,0.254,2.195
13.09.2021 16:45:41,3.089,2.801,0.254,2.258
13.09.2021 16:45:36,3.079,2.786,0.249,2.224
13.09.2021 16:45:31,3.084,2.801,0.249,2.214
13.09.2021 16:45:26,3.084,2.801,0.249,2.243
13.09.2021 16:45:21,3.089,2.796,0.249,2.195
13.09.2021 16:45:16,3.094,2.791,0.254,2.219
13.09.2021 16:45:11,3.084,2.796,0.249,2.195
13.09.2021 16:45:06,3.079,2.791,0.259,2.199
13.09.2021 16:45:01,3.089,2.796,0.264,2.175
13.09.2021 16:44:56,3.089,2.801,0.264,2.199
13.09.2021 16:44:51,3.084,2.796,0.264,2.175
13.09.2021 16:44:46,3.084,2.791,0.264,2.170
13.09.2021 16:44:41,3.079,2.781,0.264,2.185
13.09.2021 16:44:36,3.084,2.791,0.259,2.214
13.09.2021 16:44:31,3.079,2.805,0.264,2.199
13.09.2021 16:44:26,3.094,2.810,0.264,2.199
13.09.2021 16:44:21,3.089,2.786,0.264,2.185
13.09.2021 16:44:16,3.084,2.786,0.264,2.190
13.09.2021 16:44:11,3.084,2.786,0.264,2.170
13.09.2021 16:44:06,3.084,2.786,0.264,2.204
13.09.2021 16:44:01,3.079,2.801,0.264,2.185
13.09.2021 16:43:56,3.084,2.801,0.264,2.175
13.09.2021 16:43:51,3.079,2.786,0.264,2.180
13.09.2021 16:43:47,3.084,2.791,0.264,2.185
13.09.2021 16:43:41,3.089,2.796,0.264,2.204
13.09.2021 16:43:36,3.084,2.801,0.264,2.180
13.09.2021 16:43:31,3.089,2.791,0.264,2.151
13.09.2021 16:43:26,3.079,2.791,0.264,2.209
13.09.2021 16:43:21,3.079,2.786,0.259,2.195
13.09.2021 16:43:16,3.094,2.791,0.264,2.170
13.09.2021 16:43:11,3.084,2.801,0.264,2.180
13.09.2021 16:43:06,3.089,2.796,0.259,2.121
13.09.2021 16:43:01,3.079,2.781,0.264,2.180
13.09.2021 16:42:56,3.084,2.796,0.264,2.165
13.09.2021 16:42:51,3.084,2.786,0.259,2.204
13.09.2021 16:42:46,3.084,2.805,0.269,2.199
13.09.2021 16:42:41,3.094,2.791,0.259,2.185
13.09.2021 16:42:36,3.084,2.791,0.264,2.199
13.09.2021 16:42:31,3.079,2.781,0.264,2.155
13.09.2021 16:42:26,3.089,2.786,0.264,2.209
13.09.2021 16:42:21,3.089,2.796,0.264,2.224
13.09.2021 16:42:16,3.089,2.791,0.264,2.170
13.09.2021 16:42:11,3.079,2.786,0.259,2.131
13.09.2021 16:42:06,3.084,2.791,0.264,2.165