updated,A3,A5
13:16:32,4.917,4.953
13:16:31,4.917,4.965
13:16:30,4.905,4.953
13:16:29,4.917,4.965
13:16:28,4.905,4.953
13:16:27,4.929,4.953
13:16:26,4.917,4.965
13:16:24,4.917,4.965
13:16:24,4.917,4.965
13:16:22,4.905,4.965
13:16:22,4.905,4.953
13:16:20,4.917,4.965
13:16:20,4.929,4.953
13:16:18,4.917,4.976
13:16:18,4.917,4.965
13:16:16,4.894,4.976
13:16:16,4.917,4.976
13:16:14,4.905,4.953
13:16:13,4.917,4.965
13:16:12,4.917,4.953
13:16:11,4.917,4.965
13:16:10,4.905,4.965
13:16:09,4.917,4.976
13:16:08,4.905,4.941
13:16:07,4.917,4.976
13:16:06,4.917,4.953
13:16:05,4.894,4.953
13:16:04,4.917,4.965
13:16:03,4.917,4.941
13:16:02,4.905,4.976
13:16:01,4.905,4.953
13:16:00,4.917,4.965
13:15:59,4.965,4.976
13:15:58,4.905,4.965
13:15:56,4.917,4.953
13:15:56,4.917,4.953
13:15:55,4.917,4.965
13:15:54,4.905,4.965
13:15:53,4.905,4.953
13:15:52,4.917,4.953
13:15:51,4.929,4.976
13:15:50,4.929,4.953
13:15:49,4.917,4.965
13:15:48,4.917,4.965
13:15:47,4.894,4.953
13:15:47,4.929,4.965
13:15:45,4.905,4.953
13:15:44,4.905,4.965
13:15:43,4.917,4.941
13:15:43,4.917,4.965
13:15:41,4.905,4.953
13:15:40,4.905,4.965
13:15:39,4.917,4.965
13:15:38,4.905,4.941
13:15:36,4.905,4.965
13:15:36,4.905,4.953
13:15:35,4.917,4.941
13:15:34,4.929,4.953
13:15:33,4.905,4.965
13:15:32,4.905,4.965
13:15:31,4.894,4.941
13:15:30,4.905,4.965
13:15:29,4.917,4.953
13:15:28,4.905,4.965
13:15:27,4.894,4.941
13:15:25,4.917,4.965
13:15:25,4.917,4.965
13:15:24,4.905,4.965
13:15:23,4.905,4.965
13:15:22,4.905,4.953
13:15:21,4.917,4.965
13:15:20,4.905,4.941
13:15:19,4.905,4.965
13:15:19,4.917,4.965
13:15:17,4.905,4.941
13:15:16,4.905,4.941
13:15:16,4.905,4.953
13:15:14,4.929,4.953
13:15:13,4.917,4.953
13:15:12,4.917,4.965
13:15:10,4.917,4.953
13:15:10,4.929,4.965
13:15:09,4.917,4.965
13:15:08,4.917,4.976
13:15:07,4.917,4.976
13:15:06,4.905,4.953
13:15:05,4.905,4.965
13:15:04,4.905,4.965
13:15:03,4.917,4.953
13:15:03,4.905,4.953
13:15:01,4.894,4.965
13:15:00,4.894,4.941
13:14:59,4.894,4.953
13:14:58,4.917,4.965
13:14:57,4.917,4.965
13:14:55,4.905,4.941
13:14:55,4.905,4.965
13:14:54,4.917,4.965
13:14:53,4.929,4.965
13:14:52,4.917,4.965
13:14:51,4.929,4.965
13:14:50,4.917,4.953
13:14:48,4.929,4.941
13:14:48,4.917,4.941
13:14:47,4.917,4.941
13:14:46,4.882,4.953
13:14:45,5.000,4.953
13:14:44,4.917,4.941
13:14:43,4.917,4.953
13:14:42,4.929,4.965
13:14:41,4.894,4.953
13:14:39,4.917,4.976
13:14:39,4.905,4.953
13:14:38,4.917,4.965
13:14:37,4.929,4.965
13:14:36,4.917,4.953
13:14:35,4.917,4.953
13:14:34,4.894,4.953
13:14:33,4.929,4.965
13:14:32,4.894,4.965
13:14:31,4.905,4.976
13:14:31,4.917,4.976
13:14:29,4.917,4.941
13:14:28,4.917,4.953
13:14:27,4.905,4.953
13:14:26,4.917,4.965
13:14:24,4.917,4.965
13:14:24,4.917,4.965
13:14:23,4.905,4.941
13:14:23,4.917,4.965
13:14:21,4.905,4.976
13:14:20,4.905,4.953
13:14:19,4.905,4.953
13:14:18,4.905,4.953
13:14:17,4.905,4.965
13:14:16,4.905,4.953
13:14:15,4.905,4.965
13:14:14,4.905,4.941
13:14:13,4.917,4.953
13:14:13,4.917,4.965
13:14:11,4.905,4.965
13:14:10,4.905,4.941
13:14:09,4.917,4.953
13:14:07,4.929,4.965
13:14:07,4.917,4.953
13:14:06,4.917,5.024
13:14:06,4.905,4.965
13:14:04,4.917,4.965
13:14:03,4.905,4.941
13:14:02,4.905,4.965
13:14:01,4.894,4.965
13:14:00,4.917,4.941
13:13:59,4.917,4.976
13:13:58,4.894,4.941
13:13:57,4.917,4.965
13:13:56,4.917,4.976
13:13:55,4.917,4.976
13:13:54,4.894,4.965
13:13:53,4.929,4.965
13:13:53,4.917,4.965
13:13:51,4.894,4.965
13:13:50,4.905,4.953
13:13:49,4.905,4.953
13:13:48,4.929,4.953
13:13:47,4.905,4.953
13:13:46,4.917,4.953
13:13:45,4.905,4.976
13:13:44,4.905,4.953
13:13:43,4.917,4.976
13:13:42,4.917,4.941
13:13:41,4.905,4.976
13:13:40,4.894,4.941
13:13:38,4.917,4.953
13:13:38,4.917,4.941
13:13:37,4.905,4.953
13:13:36,4.905,4.976
13:13:35,4.905,4.965
13:13:34,4.905,4.976
13:13:33,4.917,4.965
13:13:31,4.894,4.941
13:13:31,4.894,4.941
13:13:29,4.894,4.965
13:13:29,4.894,4.965
13:13:27,4.917,4.965
13:13:26,4.905,4.953
13:13:25,4.929,4.976
13:13:24,4.917,4.941
13:13:23,4.917,4.965
13:13:23,4.905,4.965
13:13:21,4.917,4.965
13:13:20,4.905,4.953
13:13:19,4.905,4.953
13:13:18,4.905,4.976
13:13:17,4.894,4.953
13:13:16,4.917,4.965
13:13:15,4.894,4.965
13:13:14,4.917,4.976
13:13:13,4.917,4.976
13:13:12,4.905,4.941
13:13:11,4.894,4.965
13:13:10,4.905,4.953
13:13:09,4.905,4.965
13:13:08,4.905,4.953
13:13:07,4.905,4.965
13:13:06,4.905,4.965
13:13:05,4.905,4.941
13:13:04,4.905,4.953
13:13:03,4.894,4.953
13:13:02,4.917,4.965
13:13:00,4.905,4.941
13:13:00,4.917,4.941
13:12:59,4.894,4.953
13:12:57,4.917,4.953
13:12:57,4.905,4.953
13:12:56,4.894,4.976
13:12:55,4.917,4.965
13:12:54,4.917,4.953
13:12:53,4.905,4.965
13:12:52,4.905,4.953
13:12:51,4.894,4.976
13:12:50,4.917,4.953
13:12:49,4.929,4.965
13:12:48,4.917,4.965
13:12:47,4.917,4.941
13:12:46,4.905,4.965
13:12:45,4.905,4.953
13:12:44,4.905,4.965
13:12:43,4.917,4.941
13:12:42,4.917,4.976
13:12:41,4.905,4.953
13:12:40,4.905,4.953
13:12:39,4.917,4.965
13:12:38,4.894,4.953
13:12:37,4.917,4.976
13:12:36,4.894,4.941
13:12:35,4.905,4.941
13:12:34,4.917,4.953
13:12:33,4.905,4.965
13:12:32,4.917,4.965
13:12:31,4.905,4.965
13:12:29,4.905,4.965
13:12:29,4.917,4.965
13:12:28,4.929,4.965
13:12:27,4.917,4.976
13:12:26,4.917,4.965
13:12:25,4.917,4.965
13:12:24,4.929,4.965
13:12:23,4.917,4.953
13:12:22,4.905,4.976
13:12:21,4.917,4.976
13:12:20,4.905,4.965
13:12:19,4.929,4.965
13:12:17,4.894,4.965
13:12:17,4.917,4.941
13:12:16,4.905,4.953
13:12:15,4.917,4.953
13:12:14,4.905,4.976
13:12:13,4.894,4.953
13:12:12,4.917,4.953
13:12:11,4.894,4.941
13:12:10,4.905,4.976
13:12:09,4.905,4.976
13:12:08,4.894,4.965
13:12:07,4.929,4.965
13:12:06,4.917,4.976
13:12:05,4.905,4.965
13:12:03,4.941,4.965
13:12:03,4.941,4.976
13:12:02,4.917,4.965
13:12:01,4.917,4.976
13:12:00,4.905,4.941
13:11:59,4.894,4.976
13:11:58,4.894,4.953
13:11:57,4.894,4.965
13:11:56,4.917,4.976
13:11:56,4.917,4.953
13:11:54,4.917,4.953
13:11:53,4.894,4.953
13:11:52,4.917,4.976
13:11:51,4.905,4.965
13:11:50,4.905,4.965
13:11:49,4.894,4.965
13:11:48,4.905,4.953
13:11:47,4.917,4.976
13:11:46,4.905,4.965
13:11:45,4.917,4.965
13:11:45,4.929,4.965
13:11:43,4.905,4.965
13:11:42,4.905,4.965
13:11:41,4.905,4.965
13:11:40,4.894,4.965
13:11:39,4.894,4.941
13:11:38,4.929,4.976
13:11:37,4.882,4.965
13:11:36,4.917,4.976
13:11:35,4.917,4.941
13:11:34,4.917,4.965
13:11:33,4.905,4.965
13:11:32,4.917,4.965
13:11:31,4.905,4.965
13:11:30,4.894,4.965
13:11:29,4.917,4.976
13:11:28,4.917,4.965
13:11:27,4.917,4.965
13:11:26,4.917,4.953
13:11:25,4.929,4.976
13:11:24,4.917,4.965
13:11:23,4.905,4.953
13:11:22,4.917,4.976
13:11:21,4.905,4.953
13:11:20,4.929,4.965
13:11:19,4.917,4.976
13:11:18,4.905,4.965
13:11:17,4.917,4.953
13:11:17,4.894,4.953
13:11:15,4.917,4.965
13:11:14,4.894,4.953
13:11:13,4.905,4.965
13:11:13,4.894,4.953
13:11:11,4.917,4.953
13:11:10,4.905,4.965
13:11:09,4.917,4.965
13:11:08,4.917,4.965
13:11:07,4.929,4.976
13:11:06,4.905,4.976
13:11:05,4.905,4.965
13:11:04,4.905,4.976
13:11:03,4.905,4.941
13:11:02,4.905,4.965
13:11:01,4.905,4.976
13:10:59,4.929,4.941
13:10:59,4.917,4.953
13:10:58,4.905,4.953
13:10:57,4.917,4.976
13:10:56,4.917,4.941
13:10:55,4.917,4.976
13:10:53,4.905,4.976
13:10:53,4.929,4.965
13:10:52,4.917,4.965
13:10:51,4.917,4.976
13:10:50,4.917,4.965
13:10:49,4.894,4.965
13:10:48,4.929,4.953
13:10:47,4.905,4.965
13:10:46,4.905,4.953
13:10:45,4.917,4.976
13:10:44,4.905,4.953
13:10:43,4.929,4.965
13:10:41,4.929,4.965
13:10:41,4.929,4.965
13:10:40,4.917,4.953
13:10:39,4.917,4.941
13:10:38,4.894,4.953
13:10:37,4.917,4.976
13:10:36,4.905,4.965
13:10:35,4.882,4.953
13:10:33,4.917,4.965
13:10:33,4.917,4.953
13:10:32,4.917,4.976
13:10:31,4.894,4.953
13:10:30,4.917,4.976
13:10:29,4.905,4.953
13:10:28,4.905,4.965
13:10:27,4.917,4.976
13:10:26,4.917,4.976
13:10:24,4.917,4.953
13:10:24,4.905,4.965
13:10:23,4.917,4.965
13:10:22,4.882,4.965
13:10:21,4.917,4.976
13:10:20,4.894,4.953
13:10:19,4.929,4.965
13:10:18,4.929,4.965
13:10:16,4.905,4.953
13:10:16,4.894,4.965
13:10:15,4.917,4.953
13:10:15,4.917,4.965
13:10:13,4.905,4.953
13:10:12,4.905,4.965
13:10:11,4.894,4.965
13:10:09,4.905,4.953
13:10:09,4.905,4.976
13:10:08,4.894,4.953
13:10:07,4.917,4.953
13:10:06,4.905,4.953
13:10:05,4.929,4.965
13:10:04,4.976,4.976
13:10:03,4.905,4.965
13:10:02,4.905,4.965
13:10:01,4.917,4.965
13:10:00,4.905,4.965
13:09:58,4.917,4.953
13:09:58,4.917,4.953
13:09:57,4.905,4.953
13:09:56,4.905,4.976
13:09:55,4.917,4.965
13:09:54,4.894,4.953
13:09:53,4.917,4.965
13:09:53,4.882,4.941
13:09:51,4.929,4.976
13:09:50,4.917,4.953
13:09:49,4.929,4.976
13:09:48,4.894,4.965
13:09:47,4.917,4.965
13:09:46,4.894,4.941
13:09:45,4.905,4.941
13:09:44,4.917,4.965
13:09:43,4.917,4.953
13:09:42,4.905,4.965
13:09:41,4.905,4.953
13:09:40,4.905,4.965
13:09:39,4.917,4.976
13:09:38,4.917,4.965
13:09:37,4.905,4.953
13:09:36,4.905,4.953
13:09:35,4.929,4.965
13:09:34,4.917,4.953
13:09:33,4.917,4.965
13:09:32,4.905,4.953
13:09:31,4.917,4.965
13:09:31,4.917,4.976
13:09:29,4.905,4.953
13:09:28,4.894,4.953
13:09:27,4.894,4.965
13:09:26,4.894,4.965
13:09:24,4.905,4.953
13:09:24,4.917,4.976
13:09:23,4.905,4.965
13:09:22,4.917,4.965
13:09:21,4.905,4.953
13:09:20,4.917,4.965
13:09:19,4.917,4.941
13:09:18,4.905,4.953
13:09:17,4.917,4.976
13:09:16,4.905,4.941
13:09:15,4.905,4.965
13:09:14,4.905,4.953
13:09:13,4.894,4.953
13:09:12,4.905,4.965
13:09:11,4.917,4.953
13:09:09,4.917,4.953
13:09:09,4.905,4.941
13:09:08,4.905,4.941
13:09:08,4.894,4.941
13:09:06,4.917,4.953
13:09:05,4.905,4.976
13:09:04,4.917,4.965
13:09:03,4.905,4.976
13:09:02,4.905,4.953
13:09:01,4.917,4.965
13:09:00,4.905,4.941
13:08:59,4.905,4.953
13:08:58,4.894,4.953
13:08:57,4.905,4.965
13:08:56,4.905,4.953
13:08:55,4.917,4.953
13:08:55,4.917,4.953
13:08:53,4.917,4.953
13:08:52,4.917,4.953
13:08:51,4.905,4.976
13:08:50,4.917,5.036
13:08:49,4.905,4.953
13:08:48,4.917,4.965
13:08:47,4.917,4.941
13:08:46,4.905,4.953
13:08:44,4.905,4.976
13:08:44,4.905,4.941
13:08:43,4.917,4.965
13:08:42,4.905,4.953
13:08:41,4.917,4.965
13:08:40,4.894,4.941
13:08:39,4.894,4.941
13:08:38,4.917,4.965
13:08:37,4.917,4.953
13:08:36,4.917,4.965
13:08:35,4.905,4.953
13:08:34,4.905,4.953
13:08:33,4.905,4.965
13:08:32,4.929,4.965
13:08:31,4.917,4.965
13:08:30,4.905,4.941
13:08:29,4.917,4.941
13:08:28,4.905,4.929
13:08:27,4.905,4.965
13:08:26,4.905,4.929
13:08:25,4.917,4.953
13:08:24,4.917,4.941
13:08:23,4.917,4.953
13:08:22,4.917,4.965
13:08:21,4.905,4.953
13:08:20,4.929,4.976
13:08:19,4.905,4.953
13:08:18,4.905,4.976
13:08:17,4.882,4.941
13:08:16,4.917,4.965
13:08:15,4.917,4.953
13:08:14,4.917,4.953
13:08:13,4.905,4.965
13:08:12,4.894,4.953
13:08:11,4.894,4.965
13:08:10,4.905,4.941
13:08:09,4.917,4.965
13:08:08,4.905,4.941
13:08:07,4.929,4.965
13:08:06,4.894,4.965
13:08:05,4.905,4.953
13:08:04,4.917,4.976
13:08:03,4.905,4.941
13:08:02,4.905,4.965
13:08:01,4.905,4.941
13:08:00,4.905,4.941
13:07:59,4.905,4.965
13:07:58,4.905,4.965
13:07:57,4.917,4.941
13:07:56,4.929,4.965
13:07:55,4.917,4.965
13:07:54,4.917,4.953
13:07:53,4.905,4.941
13:07:52,4.905,4.953
13:07:51,4.905,4.965
13:07:50,4.917,4.965
13:07:49,4.917,4.965
13:07:48,4.917,4.941
13:07:47,4.917,4.953
13:07:46,4.917,4.965
13:07:45,4.905,4.953
13:07:44,4.929,4.965
13:07:43,4.894,4.953
13:07:42,4.917,4.965
13:07:41,4.917,4.965
13:07:40,4.905,4.965
13:07:39,4.917,4.953
13:07:38,4.917,4.953
13:07:37,4.917,4.953
13:07:36,4.917,4.965
13:07:35,4.917,4.941
13:07:34,4.905,4.965
13:07:33,4.917,4.965
13:07:32,4.905,4.953
13:07:32,4.917,4.965
13:07:30,4.905,4.965
13:07:29,4.905,4.953
13:07:28,4.917,4.965
13:07:28,4.917,4.965
13:07:26,4.905,4.953
13:07:25,4.905,4.953
13:07:24,4.905,4.965
13:07:23,4.917,4.965
13:07:22,4.905,4.953
13:07:21,4.917,4.965
13:07:20,4.905,4.953
13:07:19,4.905,4.953
13:07:18,4.905,4.953
13:07:17,4.917,4.953
13:07:16,4.917,4.941
13:07:15,4.894,4.941
13:07:14,4.917,4.953
13:07:13,4.905,4.953
13:07:12,4.917,4.965
13:07:11,4.882,4.953
13:07:10,4.917,4.953
13:07:09,4.917,4.941
13:07:08,4.917,4.965
13:07:07,4.905,4.941
13:07:06,4.894,4.941
13:07:05,4.929,4.965
13:07:04,4.905,4.941
13:07:03,4.917,4.953
13:07:02,4.905,4.953
13:07:01,4.894,4.965
13:07:00,4.894,4.953
13:06:59,4.894,4.953
13:06:58,4.988,4.965
13:06:57,4.917,4.953
13:06:56,4.917,4.965
13:06:55,4.905,4.941
13:06:54,4.917,4.965
13:06:53,4.905,4.953
13:06:52,4.894,4.941
13:06:51,4.905,4.941
13:06:50,4.905,4.953
13:06:49,4.917,4.965
13:06:47,4.905,4.953
13:06:47,4.917,4.965
13:06:46,4.917,4.965
13:06:45,4.917,4.965
13:06:44,4.905,4.965
13:06:43,4.894,4.929
13:06:42,4.917,4.976
13:06:41,4.905,4.965
13:06:40,4.917,4.953
13:06:39,4.905,4.953
13:06:38,4.917,4.965
13:06:38,4.917,4.941
13:06:36,4.894,4.929
13:06:35,4.917,4.941
13:06:34,4.905,4.965
13:06:33,4.929,4.953
13:06:32,4.905,4.941
13:06:31,4.905,4.941
13:06:30,4.929,4.941
13:06:29,4.905,4.965
13:06:28,4.882,4.953
13:06:27,4.882,4.953
13:06:26,4.917,4.941
13:06:25,4.894,4.953
13:06:24,4.905,4.965
13:06:23,4.905,4.953
13:06:22,4.917,4.965
13:06:21,4.905,4.953
13:06:20,4.905,4.941
13:06:19,4.905,4.953
13:06:18,4.917,4.953
13:06:17,4.917,4.965
13:06:16,4.882,4.953
13:06:15,4.894,4.953
13:06:14,4.905,4.953
13:06:13,4.929,4.953
13:06:12,4.917,4.965
13:06:11,4.894,4.953
13:06:10,4.917,4.953
13:06:09,4.917,4.929
13:06:08,4.917,4.953
13:06:07,4.905,4.953
13:06:06,4.917,4.965
13:06:05,4.917,4.929
13:06:04,4.905,4.953
13:06:03,4.905,4.965
13:06:02,4.917,4.965
13:06:00,4.894,4.965
13:06:00,4.905,4.953
13:05:59,4.917,4.941
13:05:58,4.905,4.953
13:05:57,4.917,4.953
13:05:56,4.894,4.965
13:05:55,4.929,4.953
13:05:54,4.905,4.953
13:05:53,4.917,4.953
13:05:52,4.929,4.965
13:05:51,4.917,4.941
13:05:50,4.929,4.965
13:05:49,4.917,4.953
13:05:49,4.894,4.953
13:05:47,4.917,4.965
13:05:46,4.929,4.941
13:05:45,4.929,4.953
13:05:43,4.905,4.953
13:05:43,4.905,4.953
13:05:42,4.905,4.953
13:05:41,4.917,4.953
13:05:40,4.917,4.965
13:05:39,4.929,4.965
13:05:38,4.929,4.953
13:05:37,4.929,4.953
13:05:36,4.905,4.965
13:05:35,4.905,4.976
13:05:34,4.917,4.941
13:05:33,4.917,4.953
13:05:32,4.917,4.965
13:05:31,4.917,4.953
13:05:30,4.917,4.953
13:05:29,4.917,4.965
13:05:28,4.894,4.941
13:05:27,4.917,4.976
13:05:26,4.894,4.941
13:05:25,4.917,4.953
13:05:24,4.905,4.953
13:05:23,4.905,4.953
13:05:22,4.905,4.953
13:05:21,4.917,4.953
13:05:20,4.905,4.953
13:05:19,4.905,4.953
13:05:18,4.917,4.953
13:05:17,4.905,4.953
13:05:16,4.905,4.965
13:05:15,4.905,4.965
13:05:14,4.905,4.953
13:05:13,4.894,4.965
13:05:12,4.917,4.953
13:05:11,4.917,4.965
13:05:10,4.917,4.953
13:05:09,4.917,4.965
13:05:08,4.894,4.953
13:05:07,4.917,4.953
13:05:06,4.894,4.953
13:05:05,4.917,4.965
13:05:04,4.917,4.965
13:05:03,4.905,4.953
13:05:02,4.894,4.965
13:05:01,4.905,4.953
13:05:00,4.929,4.953
13:04:59,4.917,4.941
13:04:58,4.905,4.953
13:04:57,4.905,4.953
13:04:56,4.905,4.953
13:04:55,4.917,4.953
13:04:54,4.894,4.941
13:04:53,4.917,4.965
13:04:52,4.905,4.953
13:04:51,4.917,4.965
13:04:50,4.905,4.953
13:04:49,4.917,4.941
13:04:48,4.905,4.953
13:04:47,4.894,4.965
13:04:46,4.917,4.965
13:04:44,4.917,4.953
13:04:44,4.917,4.965
13:04:43,4.905,4.953
13:04:41,4.917,4.941
13:04:41,4.905,4.965
13:04:40,4.917,4.941
13:04:39,4.929,4.965
13:04:38,4.905,4.941
13:04:37,4.905,4.965
13:04:36,4.917,4.941
13:04:35,4.929,4.953
13:04:34,4.905,4.953
13:04:33,4.905,4.965
13:04:32,4.894,4.953
13:04:31,4.894,4.953
13:04:30,4.917,4.976
13:04:29,4.905,4.953
13:04:28,4.917,4.965
13:04:27,4.905,4.953
13:04:26,4.917,4.965
13:04:25,4.894,4.965
13:04:24,4.917,4.965
13:04:23,4.905,4.953
13:04:22,4.917,4.965
13:04:21,4.976,4.965
13:04:20,4.894,4.953
13:04:19,4.917,4.953
13:04:18,4.905,4.941
13:04:17,4.905,4.965
13:04:16,4.905,4.953
13:04:15,4.905,4.953
13:04:14,4.894,4.941
13:04:13,4.929,4.965
13:04:12,4.929,4.965
13:04:11,4.917,4.941
13:04:10,4.917,4.976
13:04:09,4.905,4.941
13:04:09,4.917,4.953
13:04:07,4.929,4.953
13:04:06,4.905,4.953
13:04:05,4.917,4.965
13:04:04,4.905,4.953
13:04:03,4.917,4.953
13:04:02,4.905,4.941
13:04:01,4.917,4.965
13:04:00,4.905,4.941
13:03:59,4.917,4.965
13:03:58,4.894,4.965
13:03:57,4.905,4.965
13:03:56,4.929,4.965
13:03:55,4.905,4.953
13:03:54,4.917,4.953
13:03:53,4.917,4.953
13:03:52,4.929,4.941
13:03:51,4.917,4.953
13:03:50,4.905,4.965
13:03:49,4.905,4.965
13:03:48,4.917,4.976
13:03:47,4.917,4.965
13:03:46,4.894,4.953
13:03:45,4.929,4.965
13:03:44,4.917,4.953
13:03:43,4.905,4.976
13:03:42,4.882,4.953
13:03:41,4.905,4.953
13:03:40,4.917,4.965
13:03:39,4.905,4.953
13:03:38,4.929,4.953
13:03:37,4.917,4.953
13:03:36,4.905,4.941
13:03:35,4.905,4.953
13:03:34,4.929,4.953
13:03:33,4.929,4.965
13:03:32,4.905,4.953
13:03:31,4.905,4.965
13:03:30,4.917,4.965
13:03:29,4.917,4.965
13:03:28,4.905,4.953
13:03:27,4.917,4.953
13:03:26,4.905,4.953
13:03:25,4.905,4.965
13:03:24,4.917,4.953
13:03:23,4.917,4.953
13:03:22,4.917,4.965
13:03:21,4.894,4.953
13:03:20,4.917,4.965
13:03:19,4.905,4.953
13:03:18,4.917,4.965
13:03:17,4.905,4.953
13:03:16,4.917,4.929
13:03:15,4.917,4.965
13:03:14,4.917,4.953
13:03:13,4.917,4.976
13:03:12,4.894,4.953
13:03:11,4.917,4.941
13:03:10,4.905,4.953
13:03:09,4.917,4.965
13:03:08,4.917,4.965
13:03:07,4.905,4.953
13:03:06,4.929,4.965
13:03:05,4.917,4.941
13:03:04,4.905,4.953
13:03:02,4.917,4.953
13:03:02,4.929,4.965
13:03:01,4.917,4.953
13:03:00,4.929,4.953
13:02:59,4.917,4.953
13:02:58,4.917,4.953
13:02:57,4.929,4.953
13:02:56,4.917,4.953
13:02:54,4.917,4.965
13:02:54,4.917,4.953
13:02:53,4.917,4.965
13:02:52,4.905,4.953
13:02:52,4.894,4.941
13:02:50,4.917,4.953
13:02:49,4.882,4.953
13:02:48,4.905,4.953
13:02:47,4.905,4.953
13:02:47,4.905,4.965
13:02:45,4.917,4.953
13:02:44,4.905,4.953
13:02:43,4.929,4.965
13:02:42,4.905,4.941
13:02:41,4.905,4.965
13:02:40,4.917,4.941
13:02:39,4.917,4.976
13:02:38,4.941,4.976
13:02:37,4.929,4.965
13:02:36,4.929,4.953
13:02:35,4.905,4.965
13:02:34,4.917,4.953
13:02:33,4.917,4.953
13:02:32,4.917,4.965
13:02:31,4.917,4.953
13:02:30,4.917,4.953
13:02:29,4.917,4.941
13:02:28,4.929,4.976
13:02:27,4.905,4.953
13:02:26,4.917,4.953
13:02:25,4.917,4.965
13:02:24,4.905,4.941
13:02:23,4.917,4.965
13:02:22,4.905,4.953
13:02:21,4.917,4.965
13:02:20,4.905,4.965
13:02:19,4.929,4.941
13:02:18,4.929,4.953
13:02:17,4.917,4.953
13:02:16,4.894,4.965
13:02:15,4.905,4.941
13:02:14,4.929,4.965
13:02:13,4.905,4.929
13:02:12,4.917,4.965
13:02:11,4.917,4.953
13:02:10,4.905,4.953
13:02:09,4.905,4.965
13:02:08,4.917,4.953
13:02:07,4.917,5.048
13:02:06,4.905,4.941
13:02:05,4.929,4.965
13:02:04,4.929,4.953
13:02:03,4.917,4.953
13:02:02,4.917,4.965
13:02:01,4.929,4.965
13:02:00,4.905,4.965
13:01:59,4.917,4.941
13:01:58,4.929,4.965
13:01:57,4.917,4.965
13:01:56,4.917,4.965
13:01:55,4.905,4.965
13:01:54,4.917,4.965
13:01:53,4.905,4.953
13:01:52,4.917,4.965
13:01:51,4.929,4.965
13:01:50,4.905,4.953
13:01:49,4.917,4.965
13:01:48,4.905,4.953
13:01:47,4.917,4.953
13:01:46,4.917,4.953
13:01:45,4.905,4.953
13:01:44,4.917,4.965
13:01:43,4.894,4.953
13:01:42,4.917,4.965
13:01:41,4.905,4.965
13:01:40,4.917,4.965
13:01:39,4.917,4.953
13:01:38,4.894,4.941
13:01:37,4.905,4.953
13:01:36,4.917,4.953
13:01:35,4.905,4.953
13:01:34,4.894,4.953
13:01:33,4.905,4.965
13:01:32,4.905,4.953
13:01:30,4.929,4.965
13:01:30,4.905,4.965
13:01:29,4.905,4.941
13:01:28,4.917,4.976
13:01:27,4.917,4.953
13:01:25,4.917,4.965
13:01:25,4.905,4.941
13:01:24,4.894,4.976
13:01:23,4.905,4.965
13:01:22,4.917,4.965
13:01:21,4.917,4.953
13:01:20,4.929,4.953
13:01:19,4.929,4.976
13:01:18,4.929,4.941
13:01:17,4.917,4.941
13:01:16,4.917,4.953
13:01:15,4.917,4.965
13:01:14,4.905,4.965
13:01:13,4.929,4.953
13:01:12,4.929,4.965
13:01:11,4.894,4.953
13:01:10,4.917,4.953
13:01:09,4.894,4.953
13:01:08,4.929,4.965
13:01:07,4.917,4.953
13:01:06,4.929,4.953
13:01:05,4.917,4.976
13:01:04,4.917,4.965
13:01:03,4.917,4.965
13:01:02,4.929,4.941
13:01:01,4.917,4.953
13:01:00,4.894,4.953
13:00:58,4.917,4.941
13:00:58,4.917,4.953
13:00:57,4.894,4.941
13:00:56,4.929,4.965
13:00:55,4.917,4.941
13:00:54,4.905,4.965
13:00:53,4.905,4.953
13:00:52,4.905,4.965
13:00:51,4.905,4.953
13:00:50,4.917,4.953
13:00:49,4.917,4.941
13:00:48,4.905,4.953
13:00:47,4.929,4.965
13:00:46,4.905,4.953
13:00:45,4.917,4.965
13:00:44,4.905,4.941
13:00:43,4.905,4.965
13:00:42,4.917,4.953
13:00:41,4.917,4.953
13:00:40,4.917,4.941
13:00:39,4.917,4.953
13:00:38,4.917,4.965
13:00:37,4.917,4.941
13:00:36,4.905,4.965
13:00:35,4.905,4.953
13:00:34,4.917,4.965
13:00:33,4.917,4.941
13:00:32,4.917,4.953
13:00:31,4.929,4.965
13:00:30,4.905,4.953
13:00:29,4.905,4.965
13:00:28,4.917,4.953
13:00:27,4.929,4.965
13:00:26,4.905,4.953
13:00:25,4.917,4.965
13:00:24,4.929,4.965
13:00:23,4.894,4.953
13:00:22,4.905,4.965
13:00:21,4.917,4.965
13:00:20,4.917,4.953
13:00:19,4.882,4.941
13:00:18,4.929,4.953
13:00:17,4.917,4.953
13:00:16,4.917,4.953
13:00:15,4.917,4.953
13:00:14,4.917,4.953
13:00:13,4.917,4.953
13:00:12,4.917,4.965
13:00:11,4.929,4.965
13:00:10,4.917,4.965
13:00:09,4.917,4.953
13:00:08,4.917,4.953
13:00:07,4.929,4.953
13:00:06,4.917,4.953
13:00:05,4.929,4.929
13:00:04,4.905,4.965
13:00:03,4.905,4.941
13:00:02,4.905,4.953
13:00:01,4.905,4.953
13:00:00,4.917,4.965
12:59:59,4.882,4.953
12:59:58,4.929,4.953
12:59:57,4.917,4.941
12:59:56,4.894,4.953
12:59:55,4.929,4.965
12:59:54,4.917,4.953
12:59:53,4.929,4.965
12:59:52,4.917,4.953
12:59:51,4.917,4.965
12:59:50,4.929,4.953
12:59:49,4.894,4.941
12:59:48,4.929,4.941
12:59:47,4.894,4.953
12:59:46,4.917,4.965
12:59:45,4.894,4.965
12:59:44,4.917,4.965
12:59:43,4.905,4.941
12:59:42,4.917,4.965
12:59:41,4.917,4.965
12:59:40,4.905,4.953
12:59:39,4.917,4.965
12:59:38,4.894,4.953
12:59:37,4.917,4.941
12:59:36,4.905,4.953
12:59:35,4.917,4.965
12:59:34,4.905,4.941
12:59:33,4.929,4.976
12:59:32,4.917,4.941
12:59:31,4.905,4.953
12:59:30,4.929,4.965
12:59:29,4.894,4.953
12:59:28,4.929,4.965
12:59:27,4.917,4.965
12:59:26,4.917,4.965
12:59:25,4.905,4.941
12:59:24,4.917,4.953
12:59:23,4.905,4.953
12:59:22,4.905,4.953
12:59:21,4.917,4.965
12:59:20,4.905,4.953
12:59:19,4.917,4.965
12:59:18,4.905,4.941
12:59:17,4.917,4.953
12:59:16,5.000,4.953
12:59:15,4.917,4.941
12:59:14,4.917,4.953
12:59:13,4.917,4.965
12:59:12,4.929,4.965
12:59:11,4.917,4.953
12:59:10,4.917,4.965
12:59:09,4.917,4.953
12:59:08,4.905,4.965
12:59:07,4.929,4.976
12:59:06,4.929,4.953
12:59:05,4.917,4.965
12:59:04,4.905,4.953
12:59:03,4.917,4.965
12:59:02,4.894,4.953
12:59:02,4.894,4.953
12:59:00,4.929,4.965
12:58:59,4.905,4.941
12:58:58,4.929,4.965
12:58:57,4.894,4.953
12:58:56,4.894,4.976
12:58:55,4.905,4.953
12:58:54,4.917,4.965
12:58:53,4.894,4.965
12:58:52,4.917,4.965
12:58:51,4.917,4.953
12:58:50,4.905,4.965
12:58:49,4.917,4.965
12:58:48,4.905,4.953
12:58:47,4.929,4.965
12:58:46,4.905,4.965
12:58:45,4.917,4.953
12:58:44,4.905,4.941
12:58:43,4.905,4.965
12:58:42,4.929,4.965
12:58:41,4.917,4.953
12:58:40,4.929,4.953
12:58:39,4.894,4.953
12:58:38,4.929,4.976
12:58:37,4.917,4.965
12:58:36,4.905,4.965
12:58:35,4.929,4.953
12:58:34,4.917,4.953
12:58:33,4.905,4.965
12:58:32,4.894,4.953
12:58:31,4.917,4.965
12:58:30,4.905,4.953
12:58:29,4.905,4.953
12:58:28,4.929,4.965
12:58:27,4.894,4.941
12:58:26,4.894,5.048
12:58:25,4.894,4.953
12:58:24,4.917,4.965
12:58:23,4.905,4.953
12:58:22,4.929,4.965
12:58:21,4.917,4.941
12:58:20,4.917,4.965
12:58:19,4.917,4.965
12:58:18,4.917,4.941
12:58:17,4.905,4.976
12:58:16,4.917,4.953
12:58:15,4.917,4.965
12:58:14,4.917,4.953
12:58:13,4.905,4.965
12:58:12,4.905,4.953
12:58:11,4.905,4.941
12:58:10,4.905,4.965
12:58:09,4.917,4.965
12:58:08,4.905,4.976
12:58:07,4.905,4.953
12:58:06,4.917,4.965
12:58:05,4.894,4.953
12:58:04,4.917,4.965
12:58:03,4.917,4.941
12:58:02,4.905,4.953
12:58:01,4.917,4.953
12:58:00,4.905,4.953
12:57:59,4.917,4.976
12:57:58,4.894,4.941
12:57:57,4.929,4.965
12:57:56,4.917,4.953
12:57:55,4.905,4.965
12:57:54,4.917,4.976
12:57:53,4.905,4.953
12:57:52,4.905,4.965
12:57:51,4.905,4.953
12:57:50,4.929,4.965
12:57:49,4.905,4.965
12:57:48,4.905,4.965
12:57:47,4.917,4.941
12:57:46,4.929,4.965
12:57:45,4.917,4.965
12:57:44,4.917,4.965
12:57:43,4.929,4.965
12:57:42,4.905,4.941
12:57:41,4.917,4.965
12:57:40,4.917,4.953
12:57:39,4.929,4.965
12:57:38,4.905,4.941
12:57:37,4.929,4.941
12:57:36,4.917,4.965
12:57:35,4.905,4.953
12:57:34,4.917,4.965
12:57:33,4.917,4.965
12:57:32,4.905,4.953
12:57:31,4.917,4.953
12:57:30,4.917,4.965
12:57:29,4.917,4.941
12:57:28,4.905,4.941
12:57:27,4.929,4.965
12:57:26,4.917,4.953
12:57:25,4.917,4.965
12:57:24,4.905,4.941
12:57:23,4.917,4.965
12:57:22,4.929,4.965
12:57:21,4.929,4.941
12:57:20,4.905,4.953
12:57:19,4.894,4.953
12:57:18,4.905,4.965
12:57:17,4.917,4.953
12:57:16,4.917,4.965
12:57:15,4.905,4.965
12:57:14,4.905,4.965
12:57:13,4.894,4.941
12:57:12,4.917,4.953
12:57:11,4.929,4.965
12:57:10,4.905,4.965
12:57:09,4.917,4.941
12:57:08,4.905,4.941
12:57:07,4.917,4.965
12:57:06,4.882,4.976
12:57:05,4.905,4.941
12:57:04,4.917,4.965
12:57:03,4.905,4.953
12:57:02,4.917,4.941
12:57:01,4.905,4.953
12:57:00,4.917,4.965
12:56:59,4.917,4.953
12:56:58,4.917,4.965
12:56:57,4.917,4.965
12:56:56,4.917,4.953
12:56:55,4.917,4.965
12:56:54,4.917,4.965
12:56:53,4.929,4.941
12:56:52,4.917,4.941
12:56:51,4.905,4.965
12:56:50,4.894,4.953
12:56:49,4.894,4.965
12:56:48,4.917,4.965
12:56:47,4.894,4.953
12:56:46,4.917,4.953
12:56:45,4.905,4.965
12:56:44,4.929,4.965
12:56:43,4.905,4.941
12:56:42,4.905,4.965
12:56:41,4.894,4.965
12:56:40,4.905,4.941
12:56:39,4.917,5.036
12:56:38,4.905,4.953
12:56:36,4.929,4.965
12:56:36,4.905,4.953
12:56:35,4.917,4.965
12:56:34,4.917,4.953
12:56:33,4.905,4.965
12:56:32,4.905,4.941
12:56:31,4.905,4.965
12:56:30,4.905,4.965
12:56:29,4.905,4.953
12:56:28,4.905,4.941
12:56:27,4.905,4.953
12:56:26,4.917,4.941
12:56:25,4.917,4.953
12:56:24,4.917,4.976
12:56:23,4.917,4.929
12:56:22,4.905,4.953
12:56:21,4.917,4.965
12:56:20,4.905,4.941
12:56:19,4.917,4.965
12:56:18,4.905,4.953
12:56:17,4.917,4.965
12:56:16,4.917,4.965
12:56:15,4.917,4.941
12:56:14,4.917,4.965
12:56:13,4.905,4.941
12:56:12,4.917,4.965
12:56:11,4.894,4.953
12:56:10,4.905,4.965
12:56:09,4.905,4.953
12:56:08,4.917,4.965
12:56:07,4.905,4.965
12:56:06,4.905,4.941
12:56:05,4.917,4.965
12:56:04,4.905,4.953
12:56:03,4.917,4.941
12:56:02,4.917,4.953
12:56:01,4.929,4.941
12:56:00,4.905,4.953
12:55:59,4.917,4.953
12:55:58,4.917,4.953
12:55:57,4.894,4.941
12:55:56,4.917,4.965
12:55:55,4.917,4.953
12:55:54,4.905,4.976
12:55:53,4.917,4.965
12:55:52,4.917,4.953
12:55:51,4.905,4.953
12:55:50,4.917,4.965
12:55:49,4.929,4.976
12:55:48,4.929,4.941
12:55:47,4.917,4.953
12:55:46,4.917,4.953
12:55:45,4.917,4.976
12:55:44,4.917,4.941
12:55:43,4.905,4.953
12:55:42,4.905,4.953
12:55:41,4.905,4.953
12:55:40,4.917,4.941
12:55:39,4.905,4.941
12:55:38,4.917,4.965
12:55:37,4.905,4.953
12:55:36,4.905,4.953
12:55:35,4.917,4.965
12:55:34,4.917,4.965
12:55:33,4.917,4.965
12:55:32,4.905,4.941
12:55:31,4.917,4.965
12:55:30,4.882,4.953
12:55:29,4.929,4.965
12:55:28,4.917,4.953
12:55:27,4.929,4.965
12:55:26,4.929,4.965
12:55:25,4.917,4.953
12:55:24,4.917,4.965
12:55:23,4.917,4.953
12:55:22,4.917,4.965
12:55:21,4.905,4.953
12:55:20,4.929,4.965
12:55:19,4.917,4.965
12:55:18,4.917,4.965
12:55:17,4.929,4.976
12:55:16,4.917,4.941
12:55:15,4.929,4.965
12:55:13,4.905,4.953
12:55:13,4.917,4.953
12:55:12,4.894,4.953
12:55:11,4.929,4.965
12:55:10,4.894,4.953
12:55:09,4.917,4.965
12:55:08,4.917,4.953
12:55:07,4.917,4.965
12:55:06,4.929,5.048
12:55:05,4.905,4.929
12:55:04,4.917,4.965
12:55:03,4.905,4.941
12:55:02,4.905,4.965
12:55:01,4.917,4.976
12:55:00,4.905,4.953
12:54:59,4.894,4.965
12:54:58,4.917,4.953
12:54:57,4.917,4.965
12:54:56,4.917,4.941
12:54:55,4.917,5.036
12:54:54,4.905,4.965
12:54:53,4.905,4.941
12:54:52,4.917,4.965
12:54:51,4.917,4.965
12:54:50,4.917,4.941
12:54:49,4.905,4.941
12:54:48,4.905,4.965
12:54:47,4.905,4.929
12:54:46,4.917,4.965
12:54:45,4.905,4.953
12:54:44,4.894,4.965
12:54:43,4.929,4.965
12:54:42,4.917,4.953
12:54:41,4.917,4.965
12:54:40,4.917,4.941
12:54:39,4.917,4.941
12:54:38,4.894,4.929
12:54:37,4.917,4.941
12:54:36,4.917,4.953
12:54:35,4.917,4.965
12:54:34,4.917,4.965
12:54:33,4.894,4.953
12:54:32,4.929,4.953
12:54:31,4.917,4.941
12:54:30,4.917,4.965
12:54:29,4.917,4.953
12:54:28,4.917,4.941
12:54:27,4.894,4.953
12:54:26,4.905,4.941
12:54:25,4.905,4.965
12:54:24,4.905,4.953
12:54:23,4.917,4.976
12:54:22,4.905,4.965
12:54:21,4.917,4.965
12:54:20,4.917,4.953
12:54:19,4.905,4.965
12:54:18,4.929,4.965
12:54:17,4.905,4.965
12:54:16,4.929,4.965
12:54:15,4.917,4.953
12:54:14,4.929,4.953
12:54:13,4.905,4.953
12:54:12,4.905,4.965
12:54:11,4.917,4.965
12:54:10,4.905,4.953
12:54:09,4.929,4.965
12:54:08,4.905,4.941
12:54:07,4.905,4.965
12:54:06,4.917,4.953
12:54:05,4.917,4.953
12:54:04,4.905,4.953
12:54:02,4.917,4.953
12:54:02,4.905,4.953
12:54:01,4.905,4.941
12:54:00,4.917,4.965
12:53:59,4.905,4.953
12:53:58,4.929,4.965
12:53:57,4.905,4.965
12:53:56,4.917,4.953
12:53:55,4.917,4.965
12:53:54,4.905,4.953
12:53:53,4.905,4.965
12:53:51,4.905,4.929
12:53:51,4.894,4.965
12:53:50,4.905,4.929
12:53:49,4.929,4.953
12:53:48,4.905,4.953
12:53:47,4.894,4.965
12:53:46,4.917,4.953
12:53:45,4.894,4.941
12:53:44,4.917,4.953
12:53:43,4.917,4.929
12:53:42,4.905,4.976
12:53:41,4.905,4.941
12:53:40,4.929,4.953
12:53:39,4.905,4.953
12:53:38,4.917,4.965
12:53:37,4.929,4.965
12:53:36,4.894,4.953
12:53:35,4.929,4.965
12:53:34,4.894,4.941
12:53:33,4.917,4.953
12:53:32,4.917,4.965
12:53:31,4.917,4.953
12:53:30,4.917,4.965
12:53:29,4.917,4.976
12:53:28,4.929,4.965
12:53:27,4.905,4.953
12:53:26,4.905,4.965
12:53:25,4.905,4.941
12:53:24,4.905,4.953
12:53:23,4.894,4.941
12:53:22,4.917,4.965
12:53:21,4.929,4.965
12:53:20,4.894,4.953
12:53:19,4.917,4.965
12:53:18,4.894,4.953
12:53:17,4.929,4.965
12:53:16,4.905,4.953
12:53:15,4.905,4.941
12:53:14,4.929,4.953
12:53:13,4.905,4.953
12:53:12,4.929,4.953
12:53:11,4.905,4.953
12:53:10,4.905,4.965
12:53:09,4.905,4.953
12:53:08,4.917,4.953
12:53:07,4.917,4.953
12:53:06,4.917,4.953
12:53:05,4.905,4.965
12:53:04,4.917,4.953
12:53:03,4.917,4.965
12:53:02,4.905,4.953
12:53:01,4.894,4.965
12:53:00,4.905,4.953
12:52:59,4.917,4.965
12:52:58,4.905,4.941
12:52:57,4.894,4.941
12:52:56,4.905,4.953
12:52:55,4.894,4.941
12:52:54,4.929,4.941
12:52:53,4.905,4.953
12:52:52,4.917,4.965
12:52:51,4.905,4.941
12:52:50,4.917,4.965
12:52:49,4.905,4.953
12:52:48,4.894,4.976
12:52:47,4.917,4.965
12:52:46,4.894,4.953
12:52:45,4.894,4.965
12:52:44,4.917,4.953
12:52:43,4.929,4.953
12:52:42,4.917,4.941
12:52:41,4.905,4.953
12:52:40,4.917,4.953
12:52:39,4.917,4.953
12:52:38,4.917,4.965
12:52:37,4.905,4.953
12:52:36,4.917,4.953
12:52:35,4.905,4.953
12:52:34,4.929,4.953
12:52:33,4.929,4.953
12:52:32,4.905,4.941
12:52:31,4.917,4.953
12:52:30,4.917,4.965
12:52:29,4.929,4.965
12:52:28,4.905,4.941
12:52:27,4.917,4.941
12:52:26,4.905,4.953
12:52:25,4.917,4.965
12:52:24,4.917,4.953
12:52:23,4.917,4.953
12:52:22,4.917,4.965
12:52:21,4.905,4.953
12:52:20,4.917,4.965
12:52:19,4.894,4.953
12:52:18,4.929,4.953
12:52:17,4.917,4.965
12:52:16,4.917,4.965
12:52:15,4.917,4.953
12:52:14,4.905,4.953
12:52:13,4.905,4.965
12:52:12,4.905,4.941
12:52:11,4.905,4.965
12:52:10,4.894,4.953
12:52:09,4.917,4.965
12:52:08,4.882,4.953
12:52:07,4.894,4.953
12:52:06,4.917,4.953
12:52:05,4.917,4.941
12:52:04,4.917,4.965
12:52:03,4.905,4.941
12:52:02,4.894,4.965
12:52:01,4.905,4.953
12:52:00,4.917,4.965
12:51:59,4.917,4.953
12:51:58,4.917,4.953
12:51:57,4.929,4.941
12:51:56,4.905,4.953
12:51:55,4.905,4.965
12:51:54,4.917,4.953
12:51:53,4.917,4.941
12:51:52,4.917,4.953
12:51:51,4.917,4.941
12:51:50,4.905,4.965
12:51:49,4.894,4.941
12:51:48,4.929,4.953
12:51:47,4.905,4.953
12:51:46,4.929,4.965
12:51:45,4.905,4.953
12:51:44,4.905,4.953
12:51:43,4.917,4.953
12:51:42,4.917,4.941
12:51:41,4.917,4.953
12:51:40,4.905,4.941
12:51:39,4.917,4.965
12:51:38,4.905,4.953
12:51:37,4.929,4.965
12:51:36,4.905,4.965
12:51:35,4.917,4.965
12:51:34,4.929,4.965
12:51:33,4.929,4.941
12:51:32,4.917,4.965
12:51:31,4.905,4.953
12:51:30,4.929,4.953
12:51:29,4.905,4.965
12:51:28,4.917,4.965
12:51:27,4.929,4.965
12:51:26,4.894,4.953
12:51:25,4.905,4.965
12:51:24,4.894,4.953
12:51:23,4.929,4.965
12:51:22,4.905,4.953
12:51:21,4.917,4.941
12:51:20,4.917,4.953
12:51:19,4.917,4.941
12:51:18,4.917,4.941
12:51:17,4.917,4.965
12:51:16,4.988,4.965
12:51:15,4.905,4.953
12:51:14,4.905,4.941
12:51:13,4.882,4.941
12:51:12,4.917,4.965
12:51:11,4.905,4.941
12:51:10,4.917,4.953
12:51:09,4.917,4.965
12:51:08,4.894,4.953
12:51:07,4.929,4.941
12:51:06,4.894,4.941
12:51:05,4.917,4.941
12:51:04,4.917,4.953
12:51:03,4.917,4.953
12:51:02,4.917,4.953
12:51:01,4.905,4.941
12:51:00,4.929,4.965
12:50:59,4.905,4.953
12:50:58,4.905,4.941
12:50:57,4.917,4.953
12:50:56,4.929,4.965
12:50:55,4.917,4.953
12:50:54,4.905,4.941
12:50:53,4.905,4.941
12:50:52,4.917,4.953
12:50:51,4.894,4.953
12:50:50,4.917,4.929
12:50:49,4.905,4.965
12:50:48,4.917,4.953
12:50:47,4.917,4.965
12:50:46,4.917,4.953
12:50:45,4.894,4.953
12:50:44,4.929,4.965
12:50:43,4.929,4.953
12:50:42,4.917,4.976
12:50:41,4.917,4.941
12:50:40,4.929,4.965
12:50:39,4.917,4.953
12:50:38,4.917,4.953
12:50:37,4.917,4.953
12:50:36,4.917,4.941
12:50:35,4.894,4.965
12:50:34,4.905,4.953
12:50:33,4.917,4.965
12:50:32,4.905,4.941
12:50:31,4.917,4.965
12:50:30,4.917,4.941
12:50:29,4.917,4.965
12:50:28,4.917,4.965
12:50:27,4.894,4.953
12:50:26,4.894,4.953
12:50:25,4.917,4.953
12:50:24,4.905,4.953
12:50:23,4.905,4.941
12:50:22,4.905,4.965
12:50:21,4.917,4.965
12:50:20,4.917,4.941
12:50:19,4.894,4.965
12:50:18,4.894,4.941
12:50:17,4.905,4.953
12:50:16,4.905,4.953
12:50:15,4.917,4.953
12:50:14,4.905,4.953
12:50:13,4.929,4.965
12:50:12,4.917,4.953
12:50:11,4.917,4.941
12:50:10,4.894,4.965
12:50:08,4.894,4.953
12:50:08,4.894,4.965
12:50:07,4.905,4.929
12:50:06,4.917,4.965
12:50:05,4.917,4.941
12:50:04,4.917,4.953
12:50:03,4.929,4.941
12:50:02,4.905,4.953
12:50:01,4.917,4.941
12:50:00,4.905,4.953
12:49:59,4.917,4.953
12:49:58,4.917,4.953
12:49:57,4.917,4.965
12:49:56,4.917,4.953
12:49:55,4.917,4.965
12:49:54,4.917,4.953
12:49:53,4.917,4.953
12:49:52,4.929,4.953
12:49:51,4.894,4.953
12:49:50,4.917,4.965
12:49:49,4.894,4.953
12:49:48,4.917,4.965
12:49:47,4.905,4.965
12:49:46,4.917,4.941
12:49:45,4.905,4.965
12:49:44,4.917,4.941
12:49:43,4.929,4.965
12:49:42,4.894,4.941
12:49:41,4.905,4.953
12:49:40,4.917,4.941
12:49:39,4.917,4.941
12:49:38,4.929,4.965
12:49:37,4.894,4.941
12:49:36,4.917,4.953
12:49:35,4.917,4.941
12:49:34,4.917,4.965
12:49:33,4.917,4.929
12:49:32,4.929,4.953
12:49:31,4.905,4.953
12:49:30,4.905,4.941
12:49:29,4.917,4.965
12:49:28,4.905,4.953
12:49:27,4.917,4.953
12:49:26,4.917,4.953
12:49:25,4.917,4.965
12:49:24,4.929,4.965
12:49:23,4.917,4.953
12:49:22,4.929,4.941
12:49:21,4.905,4.941
12:49:20,4.917,4.965
12:49:19,4.917,4.941
12:49:18,4.929,4.965
12:49:17,4.905,4.941
12:49:16,4.905,4.953
12:49:15,4.905,4.941
12:49:14,4.929,4.941
12:49:13,4.917,4.953
12:49:12,4.905,4.941
12:49:11,4.905,4.953
12:49:09,4.917,4.953
12:49:09,4.917,4.941
12:49:08,4.917,4.953
12:49:07,4.917,4.941
12:49:06,4.917,4.953
12:49:05,4.929,4.929
12:49:04,4.905,4.965
12:49:03,4.917,4.953
12:49:02,4.917,4.965
12:49:01,4.905,4.953
12:49:00,4.917,4.941
12:48:59,4.917,4.965
12:48:58,4.905,4.953
12:48:57,4.905,4.965
12:48:56,4.917,4.953
12:48:55,4.917,4.953
12:48:54,4.905,4.953
12:48:53,4.917,4.953
12:48:52,4.917,4.941
12:48:51,4.905,4.965
12:48:50,4.894,4.965
12:48:49,4.917,4.941
12:48:48,4.917,4.953
12:48:47,4.917,4.941
12:48:46,4.917,4.953
12:48:45,4.905,4.953
12:48:44,4.905,4.965
12:48:43,4.905,4.953
12:48:42,4.905,4.953
12:48:41,4.917,4.965
12:48:40,4.917,4.953
12:48:39,4.905,4.953
12:48:38,4.917,4.953
12:48:37,4.929,4.941
12:48:36,4.917,4.953
12:48:35,4.929,4.965
12:48:34,4.929,4.929
12:48:33,4.929,4.965
12:48:32,4.917,4.965
12:48:31,4.905,4.941
12:48:30,4.917,4.953
12:48:29,4.917,4.953
12:48:28,4.917,4.965
12:48:27,4.905,4.965
12:48:26,4.917,4.941
12:48:25,4.905,4.941
12:48:24,4.905,4.965
12:48:23,4.929,4.953
12:48:22,4.905,4.941
12:48:21,4.929,4.965
12:48:20,4.917,4.953
12:48:19,4.929,4.965
12:48:18,4.905,4.929
12:48:17,4.905,4.953
12:48:16,4.917,4.953
12:48:15,4.917,4.941
12:48:14,4.917,4.953
12:48:13,4.905,4.941
12:48:12,4.929,4.953
12:48:11,4.894,4.953
12:48:10,4.929,4.965
12:48:09,4.929,4.953
12:48:08,4.917,4.953
12:48:07,4.929,4.965
12:48:06,4.917,4.953
12:48:05,4.917,4.941
12:48:04,4.894,4.929
12:48:03,4.894,4.953
12:48:02,4.917,4.953
12:48:01,4.917,4.953
12:48:00,4.917,4.965
12:47:59,4.905,4.941
12:47:58,4.905,4.953
12:47:57,4.929,4.953
12:47:56,4.917,4.953
12:47:55,4.917,4.929
12:47:54,4.929,4.965
12:47:53,4.917,4.953
12:47:52,4.929,4.965
12:47:51,4.917,4.965
12:47:50,4.905,4.953
12:47:49,4.905,4.941
12:47:48,4.917,4.953
12:47:47,4.917,4.965
12:47:46,4.894,4.953
12:47:45,4.917,4.953
12:47:44,4.917,4.953
12:47:43,4.917,4.953
12:47:42,4.917,4.953
12:47:41,4.917,4.965
12:47:40,4.929,4.965
12:47:39,4.917,4.941
12:47:38,4.929,4.965
12:47:37,4.917,4.941
12:47:36,4.917,4.941
12:47:35,4.905,4.965
12:47:34,4.917,4.941
12:47:33,4.905,4.953
12:47:32,4.905,4.953
12:47:31,4.917,4.965
12:47:30,4.905,4.953
12:47:29,4.905,4.965
12:47:28,4.917,4.953
12:47:27,4.917,4.965
12:47:26,4.917,4.953
12:47:25,4.917,4.965
12:47:24,4.929,4.965
12:47:23,4.917,4.953
12:47:22,4.917,4.953
12:47:21,4.905,4.953
12:47:20,4.929,4.965
12:47:19,4.917,4.953
12:47:18,4.929,4.953
12:47:17,4.917,4.965
12:47:16,4.905,4.953
12:47:15,4.917,4.953
12:47:14,4.917,4.953
12:47:13,4.905,4.976
12:47:12,4.894,4.953
12:47:11,4.917,4.965
12:47:10,4.905,4.941
12:47:09,4.917,4.965
12:47:08,4.929,4.953
12:47:07,4.917,4.941
12:47:06,4.929,4.941
12:47:05,4.894,4.941
12:47:04,4.929,4.953
12:47:03,4.917,4.941
12:47:02,4.917,4.965
12:47:01,4.917,4.953
12:47:00,4.929,4.953
12:46:59,4.917,4.953
12:46:58,4.905,4.953
12:46:57,4.917,4.941
12:46:56,4.905,4.953
12:46:55,4.917,4.953
12:46:54,4.905,4.965
12:46:53,4.917,4.965
12:46:52,4.917,4.965
12:46:51,4.905,4.953
12:46:50,4.917,4.953
12:46:49,4.894,4.953
12:46:48,4.929,4.953
12:46:47,4.929,4.953
12:46:46,4.905,4.953
12:46:45,4.929,4.941
12:46:44,4.917,4.953
12:46:43,4.917,4.953
12:46:42,4.905,4.953
12:46:41,4.917,4.965
12:46:40,4.917,4.953
12:46:39,4.929,4.953
12:46:38,4.917,4.953
12:46:37,4.917,4.953
12:46:36,4.917,4.953
12:46:35,4.894,4.953
12:46:34,4.917,4.965
12:46:33,4.917,4.953
12:46:32,4.905,4.965
12:46:31,4.917,4.953
12:46:30,4.917,4.953
12:46:29,4.917,4.965
12:46:28,4.929,4.953
12:46:27,4.894,4.953
12:46:26,4.894,4.941
12:46:25,4.917,4.941
12:46:24,4.917,4.953
12:46:23,4.905,4.965
12:46:22,4.917,4.953
12:46:21,4.905,4.965
12:46:20,4.929,4.965
12:46:19,4.905,4.953
12:46:18,4.917,4.965
12:46:17,4.917,4.953
12:46:16,4.917,4.965
12:46:15,4.917,4.953
12:46:14,4.929,4.965
12:46:13,4.894,4.953
12:46:12,4.905,4.953
12:46:11,4.917,4.953
12:46:10,4.905,4.953
12:46:09,4.929,4.941
12:46:08,4.905,4.953
12:46:07,4.917,4.953
12:46:06,4.917,4.941
12:46:05,4.905,4.941
12:46:04,4.905,4.953
12:46:03,4.917,4.953
12:46:02,4.917,4.976
12:46:01,4.905,4.953
12:46:00,4.917,4.965
12:45:59,4.917,4.941
12:45:58,4.917,4.965
12:45:57,4.905,4.953
12:45:56,4.905,4.953
12:45:55,4.917,4.941
12:45:54,4.917,4.953
12:45:53,4.917,4.965
12:45:52,4.905,4.953
12:45:51,4.905,4.941
12:45:50,4.917,4.953
12:45:49,4.929,4.965
12:45:48,4.917,4.953
12:45:47,4.929,4.965
12:45:46,4.917,4.965
12:45:45,4.917,4.965
12:45:44,4.917,4.965
12:45:43,4.905,4.953
12:45:42,4.929,4.976
12:45:41,4.905,4.965
12:45:40,4.917,4.941
12:45:39,4.894,4.953
12:45:38,4.917,4.941
12:45:37,4.929,4.965
12:45:36,4.905,4.953
12:45:35,4.929,4.965
12:45:34,4.917,4.953
12:45:33,4.917,4.965
12:45:32,4.894,4.953
12:45:31,4.905,4.953
12:45:30,4.905,4.965
12:45:29,4.905,4.953
12:45:28,4.905,4.965
12:45:27,4.917,4.965
12:45:26,4.929,4.965
12:45:25,4.894,4.953
12:45:24,4.917,4.965
12:45:23,4.905,4.965
12:45:22,4.929,4.953
12:45:21,4.917,4.941
12:45:20,4.905,4.953
12:45:19,4.917,4.953
12:45:18,4.917,4.953
12:45:17,4.929,4.965
12:45:16,4.917,4.965
12:45:15,4.929,4.965
12:45:14,4.929,4.953
12:45:13,4.917,4.953
12:45:12,4.929,4.965
12:45:11,4.917,4.941
12:45:10,4.905,4.965
12:45:09,4.917,4.953
12:45:08,4.894,4.941
12:45:07,4.917,4.965
12:45:06,4.905,4.941
12:45:05,4.917,4.965
12:45:04,4.917,4.965
12:45:03,4.929,4.965
12:45:02,4.917,4.953
12:45:01,4.917,4.953
12:45:00,4.917,4.941
12:44:59,4.917,4.953
12:44:58,4.917,4.965
12:44:57,4.917,4.953
12:44:56,4.917,4.953
12:44:55,4.894,4.953
12:44:54,4.917,4.965
12:44:53,4.917,4.953
12:44:52,4.917,4.965
12:44:51,4.917,4.965
12:44:50,4.917,4.953
12:44:49,4.929,4.965
12:44:48,4.917,4.953
12:44:47,4.929,4.953
12:44:46,4.917,4.953
12:44:45,4.917,4.953
12:44:44,4.905,4.965
12:44:43,4.917,4.965
12:44:42,4.905,4.953
12:44:41,4.929,4.965
12:44:40,4.917,4.953
12:44:39,4.905,4.941
12:44:38,4.929,4.965
12:44:37,4.905,4.953
12:44:36,4.905,4.976
12:44:35,4.929,4.965
12:44:34,4.917,4.965
12:44:33,4.917,4.965
12:44:32,4.905,4.953
12:44:31,4.917,4.965
12:44:30,4.917,4.953
12:44:29,4.929,4.976
12:44:28,4.917,4.965
12:44:27,4.905,4.965
12:44:26,4.917,4.976
12:44:25,4.917,4.965
12:44:24,4.905,4.965
12:44:23,4.917,4.953
12:44:22,4.917,4.976
12:44:21,4.917,4.941
12:44:20,4.905,4.965
12:44:19,4.917,4.953
12:44:18,4.917,4.965
12:44:17,4.929,4.953
12:44:16,4.929,4.965
12:44:15,4.929,4.941
12:44:14,4.917,4.953
12:44:13,4.929,4.976
12:44:12,4.917,4.953
12:44:11,4.917,4.953
12:44:10,4.894,4.941
12:44:09,4.929,4.965
12:44:08,4.917,4.965
12:44:07,4.929,4.941
12:44:06,4.917,4.941
12:44:05,4.917,4.953
12:44:04,4.917,4.953
12:44:03,4.905,4.941
12:44:02,4.894,4.965
12:44:01,4.917,4.953
12:44:00,4.929,4.965
12:43:59,4.929,4.965
12:43:58,4.894,4.953
12:43:57,4.929,4.976
12:43:56,4.905,4.953
12:43:55,4.917,4.953
12:43:54,4.894,4.953
12:43:53,4.929,4.976
12:43:52,4.917,4.965
12:43:51,4.917,4.941
12:43:50,4.917,4.941
12:43:49,4.905,4.953
12:43:48,4.917,4.965
12:43:47,4.917,4.941
12:43:46,4.929,4.953
12:43:45,4.917,4.976
12:43:44,4.894,4.953
12:43:43,4.894,4.953
12:43:42,4.894,4.953
12:43:41,4.917,4.965
12:43:40,4.905,4.941
12:43:39,4.929,4.953
12:43:38,4.894,4.953
12:43:37,4.894,4.976
12:43:36,4.917,4.941
12:43:35,4.905,4.953
12:43:34,4.929,4.965
12:43:33,4.917,4.953
12:43:32,4.917,4.965
12:43:31,4.917,4.953
12:43:30,4.929,4.965
12:43:29,4.905,4.953
12:43:28,4.917,4.965
12:43:27,4.905,4.965
12:43:26,4.894,4.953
12:43:25,4.929,4.965
12:43:24,4.917,4.953
12:43:23,4.917,4.953
12:43:22,4.905,4.953
12:43:21,4.929,4.941
12:43:20,4.905,4.953
12:43:19,4.917,4.976
12:43:18,4.917,4.953
12:43:17,4.917,4.953
12:43:16,4.917,4.965
12:43:15,4.905,4.941
12:43:14,4.929,4.965
12:43:13,4.905,4.953
12:43:12,4.929,4.976
12:43:11,4.929,4.976
12:43:10,4.917,4.953
12:43:09,4.929,4.965
12:43:08,4.917,4.941
12:43:07,4.905,4.953
12:43:06,4.917,4.965
12:43:05,4.917,4.976
12:43:04,4.917,4.953
12:43:03,4.917,4.976
12:43:02,4.917,4.965
12:43:01,4.917,4.965
12:43:00,4.917,4.965
12:42:59,4.905,4.953
12:42:58,4.929,4.953
12:42:57,4.905,4.965
12:42:56,4.917,4.976
12:42:55,4.929,4.965
12:42:54,4.929,4.953
12:42:53,4.917,4.965
12:42:52,4.905,4.965
12:42:51,4.929,4.953
12:42:50,4.905,4.953
12:42:49,4.929,4.965
12:42:48,4.917,4.953
12:42:47,4.929,4.965
12:42:46,4.929,4.953
12:42:45,4.929,4.953
12:42:44,4.929,4.976
12:42:43,4.894,4.953
12:42:42,4.917,4.965
12:42:41,4.917,4.953
12:42:40,4.929,4.965
12:42:39,4.917,4.953
12:42:38,4.917,4.953
12:42:37,4.917,4.953
12:42:36,4.917,4.953
12:42:35,4.929,4.976
12:42:34,4.905,4.953
12:42:33,4.917,4.965
12:42:32,4.917,4.965
12:42:31,4.917,4.965
12:42:30,4.905,4.929
12:42:29,4.905,4.965
12:42:28,4.917,4.965
12:42:27,4.905,4.941
12:42:26,4.929,4.976
12:42:25,4.905,4.965
12:42:24,4.929,4.976
12:42:23,4.894,4.941
12:42:22,4.917,4.965
12:42:21,4.905,4.976
12:42:20,4.917,4.953
12:42:19,4.929,4.965
12:42:18,4.905,4.941
12:42:17,4.917,4.976
12:42:16,4.917,4.965
12:42:15,4.905,4.965
12:42:14,4.917,4.953
12:42:13,4.917,4.953
12:42:12,4.976,4.965
12:42:11,4.917,4.941
12:42:10,4.917,4.976
12:42:09,4.917,4.941
12:42:08,4.894,4.965
12:42:07,4.917,4.953
12:42:06,4.929,4.976
12:42:04,4.917,4.976
12:42:04,4.894,4.953
12:42:03,4.917,4.953
12:42:02,4.917,4.953
12:42:01,4.905,4.965
12:42:00,4.917,4.941
12:41:59,4.917,4.965
12:41:58,4.917,4.953
12:41:57,4.917,4.976
12:41:56,4.917,4.976
12:41:55,4.917,4.976
12:41:54,4.929,4.953
12:41:53,4.905,4.941
12:41:52,4.929,4.965
12:41:51,4.917,4.965
12:41:50,4.941,4.965
12:41:49,4.917,4.976
12:41:48,4.905,4.976
12:41:47,4.917,4.976
12:41:46,4.905,4.953
12:41:45,4.929,4.953
12:41:44,4.905,4.941
12:41:43,4.917,4.965
12:41:42,4.917,4.965
12:41:41,4.917,4.976
12:41:40,4.917,4.976
12:41:39,4.917,4.953
12:41:38,4.929,4.953
12:41:37,4.917,4.965
12:41:36,4.929,4.976
12:41:35,4.917,4.965
12:41:34,4.905,4.953
12:41:33,4.929,4.965
12:41:32,4.929,4.976
12:41:31,4.929,4.976
12:41:30,4.917,4.965
12:41:29,4.917,4.965
12:41:28,4.917,4.965
12:41:27,4.929,4.976
12:41:26,4.929,4.953
12:41:25,4.917,4.965
12:41:24,4.905,4.965
12:41:23,4.917,4.953
12:41:22,4.917,4.965
12:41:21,4.905,4.953
12:41:20,4.894,4.976
12:41:19,4.894,4.941
12:41:18,4.917,4.953
12:41:17,4.917,4.941
12:41:16,4.917,4.965
12:41:15,4.917,4.976
12:41:14,4.905,4.953
12:41:13,4.929,4.965
12:41:12,4.905,4.953
12:41:11,4.917,4.976
12:41:10,4.917,4.965
12:41:09,4.929,4.965
12:41:08,4.929,4.965
12:41:07,4.929,4.953
12:41:06,4.894,4.976
12:41:05,4.941,4.976
12:41:04,4.929,4.965
12:41:03,4.917,4.965
12:41:02,4.929,4.976
12:41:01,4.929,4.953
12:41:00,4.929,4.976
12:40:59,4.917,4.976
12:40:58,4.917,4.976
12:40:57,4.929,4.976
12:40:56,4.905,4.965
12:40:55,4.929,4.953
12:40:54,4.917,4.965
12:40:53,4.929,4.953
12:40:52,4.917,4.953
12:40:51,4.905,4.976
12:40:50,4.917,4.965
12:40:49,4.917,4.965
12:40:48,4.917,4.965
12:40:47,4.917,4.941
12:40:46,4.917,4.976
12:40:45,4.917,4.965
12:40:44,4.929,4.976
12:40:43,4.905,4.976
12:40:42,4.905,4.965
12:40:41,4.929,4.965
12:40:40,4.905,4.941
12:40:38,4.929,4.976
12:40:38,4.905,4.965
12:40:37,4.905,4.976
12:40:36,4.917,4.965
12:40:35,4.929,4.953
12:40:34,4.929,4.965
12:40:33,4.917,4.965
12:40:32,4.917,4.965
12:40:31,4.929,4.953
12:40:30,4.929,4.953
12:40:29,4.917,4.953
12:40:27,4.929,4.965
12:40:27,4.917,4.941
12:40:26,4.929,4.976
12:40:25,4.929,4.965
12:40:24,4.917,4.953
12:40:23,4.929,4.953
12:40:22,4.929,4.965
12:40:21,4.929,4.965
12:40:20,4.905,4.953
12:40:19,4.917,4.953
12:40:18,4.917,4.965
12:40:17,4.917,4.965
12:40:16,4.917,4.953
12:40:15,4.917,4.965
12:40:13,4.905,4.965
12:40:13,4.917,4.953
12:40:12,4.929,4.965
12:40:11,4.917,4.965
12:40:10,4.917,4.965
12:40:09,4.929,4.965
12:40:08,4.917,4.953
12:40:07,4.929,4.976
12:40:06,4.905,4.953
12:40:05,4.929,4.976
12:40:04,4.917,4.941
12:40:03,4.917,4.976
12:40:02,4.929,4.976
12:40:01,4.929,4.953
12:40:00,4.929,4.976
12:39:59,4.917,4.965
12:39:58,4.917,4.965
12:39:57,4.917,4.965
12:39:56,4.929,4.965
12:39:55,4.905,4.965
12:39:54,4.917,4.941
12:39:53,4.929,4.976
12:39:52,4.929,4.965
12:39:51,4.929,4.953
12:39:50,4.894,4.941
12:39:49,4.917,4.965
12:39:48,4.917,4.941
12:39:47,4.929,4.976
12:39:46,4.917,4.953
12:39:45,4.917,4.976
12:39:44,4.929,4.953
12:39:43,4.929,4.976
12:39:42,4.917,4.953
12:39:41,4.905,4.965
12:39:40,4.917,4.965
12:39:39,4.917,4.953
12:39:38,4.917,4.953
12:39:37,4.917,4.965
12:39:36,4.917,4.976
12:39:35,4.929,4.976
12:39:34,4.905,4.953
12:39:33,4.929,4.965
12:39:32,4.917,4.953
12:39:31,4.929,4.965
12:39:30,4.929,4.976
12:39:29,4.929,4.965
12:39:28,4.917,4.976
12:39:27,4.917,4.965
12:39:26,4.929,4.976
12:39:25,4.894,4.953
12:39:24,4.929,4.976
12:39:23,4.929,4.953
12:39:22,4.917,4.965
12:39:21,4.905,4.953
12:39:20,4.929,4.965
12:39:19,4.917,4.953
12:39:18,4.917,4.965
12:39:17,4.917,4.976
12:39:16,4.905,4.965
12:39:15,4.894,4.965
12:39:14,4.929,4.965
12:39:13,4.905,4.976
12:39:12,4.929,4.965
12:39:11,4.917,4.953
12:39:10,4.988,4.953
12:39:09,4.917,4.965
12:39:08,4.917,4.976
12:39:07,4.905,4.953
12:39:06,4.929,4.953
12:39:05,4.929,4.941
12:39:04,4.905,4.965
12:39:03,4.917,4.953
12:39:02,4.905,4.965
12:39:01,4.929,4.976
12:39:00,4.917,4.953
12:38:59,4.929,4.976
12:38:58,4.917,4.953
12:38:57,4.929,4.965
12:38:56,4.917,4.965
12:38:55,4.917,4.976
12:38:54,4.905,4.953
12:38:53,4.941,4.953
12:38:52,4.929,4.965
12:38:51,4.929,4.941
12:38:50,4.905,4.965
12:38:49,4.905,4.941
12:38:48,4.929,4.953
12:38:47,4.917,4.965
12:38:46,4.929,4.953
12:38:45,4.929,4.976
12:38:44,4.917,4.953
12:38:43,4.929,4.976
12:38:42,4.905,4.965
12:38:41,4.941,4.976
12:38:40,4.917,4.953
12:38:39,4.917,4.976
12:38:38,4.941,4.965
12:38:37,4.917,4.965
12:38:36,4.929,4.976
12:38:35,4.941,4.976
12:38:34,4.929,4.953
12:38:33,4.929,4.953
12:38:32,4.929,4.976
12:38:31,4.917,4.976
12:38:30,4.917,4.976
12:38:29,4.917,4.965
12:38:28,4.917,4.953
12:38:27,4.929,4.976
12:38:26,4.905,4.965
12:38:25,4.929,4.965
12:38:24,4.929,4.953
12:38:23,4.941,4.976
12:38:22,4.929,4.965
12:38:21,4.917,4.976
12:38:20,4.917,4.976
12:38:19,4.929,4.941
12:38:18,4.917,4.976
12:38:17,4.905,4.953
12:38:16,4.917,4.976
12:38:15,4.929,4.976
12:38:14,4.929,4.953
12:38:12,4.917,4.965
12:38:12,4.917,4.965
12:38:11,4.929,4.976
12:38:10,4.905,4.965
12:38:09,4.905,4.953
12:38:08,4.917,4.953
12:38:07,4.929,4.976
12:38:06,4.917,4.976
12:38:05,4.929,4.976
12:38:04,4.941,4.965
12:38:03,4.917,4.965
12:38:02,4.917,4.976
12:38:01,4.905,4.965
12:38:00,4.929,4.976
12:37:59,4.905,4.953
12:37:58,4.929,4.953
12:37:57,4.941,4.965
12:37:56,4.929,4.976
12:37:55,4.917,4.976
12:37:54,4.917,4.965
12:37:53,4.929,4.976
12:37:52,4.917,4.953
12:37:51,4.929,4.965
12:37:50,4.917,4.965
12:37:49,5.000,4.965
12:37:48,4.929,4.953
12:37:47,4.917,4.965
12:37:46,4.929,4.953
12:37:45,4.905,4.953
12:37:44,4.917,4.976
12:37:43,4.929,4.965
12:37:42,4.929,4.976
12:37:41,4.929,4.953
12:37:40,4.917,4.953
12:37:39,4.929,4.965
12:37:38,4.917,4.953
12:37:37,4.941,4.965
12:37:36,4.917,4.953
12:37:35,4.917,4.953
12:37:34,4.929,4.953
12:37:33,4.905,4.965
12:37:32,4.929,4.965
12:37:31,4.917,4.953
12:37:30,4.929,4.965
12:37:29,4.929,4.953
12:37:28,4.929,4.953
12:37:27,4.917,4.965
12:37:26,4.929,5.048
12:37:25,4.917,4.953
12:37:24,4.929,4.976
12:37:23,4.917,4.965
12:37:22,4.929,4.941
12:37:21,4.929,4.965
12:37:20,4.917,4.953
12:37:19,4.917,4.965
12:37:18,4.894,4.941
12:37:17,4.941,4.976
12:37:16,4.929,4.976
12:37:15,4.917,4.976
12:37:14,4.917,4.965
12:37:13,4.917,4.953
12:37:12,4.929,4.965
12:37:11,4.905,4.965
12:37:10,4.929,4.953
12:37:09,4.929,4.965
12:37:08,4.929,4.953
12:37:07,4.917,4.953
12:37:06,4.917,4.953
12:37:05,4.941,4.976
12:37:04,4.917,4.965
12:37:03,4.929,4.953
12:37:02,4.917,4.953
12:37:01,4.941,4.976
12:37:00,4.929,4.953
12:36:59,4.929,4.953
12:36:58,4.941,4.953
12:36:57,4.929,4.976
12:36:56,4.941,4.965
12:36:55,4.929,4.965
12:36:54,4.929,4.953
12:36:53,4.917,4.953
12:36:52,4.929,4.965
12:36:51,4.929,4.953
12:36:50,4.917,4.953
12:36:49,4.929,4.953
12:36:48,4.929,4.941
12:36:47,4.929,4.953
12:36:46,4.905,4.965
12:36:45,4.917,4.976
12:36:44,4.929,4.965
12:36:43,4.905,4.953
12:36:42,4.941,4.965
12:36:41,4.917,4.965
12:36:40,4.929,4.953
12:36:39,4.917,4.941
12:36:38,4.941,4.965
12:36:37,4.917,4.941
12:36:36,4.929,4.953
12:36:35,4.917,4.953
12:36:34,4.917,4.953
12:36:33,4.929,4.965
12:36:32,4.929,4.953
12:36:31,4.929,4.965
12:36:30,4.929,4.953
12:36:29,4.929,4.976
12:36:28,4.929,4.953
12:36:27,4.917,4.976
12:36:26,4.917,4.953
12:36:25,4.929,4.941
12:36:24,4.941,4.965
12:36:23,4.929,4.941
12:36:22,4.929,4.976
12:36:21,4.929,4.941
12:36:20,4.917,4.965
12:36:19,4.917,4.953
12:36:18,4.929,4.965
12:36:17,4.929,4.953
12:36:16,4.917,4.929
12:36:15,4.929,4.965
12:36:14,4.941,4.953
12:36:13,4.917,4.965
12:36:12,4.953,4.941
12:36:11,4.929,4.953
12:36:10,4.929,4.941
12:36:09,4.917,4.953
12:36:08,4.941,4.965
12:36:07,4.917,4.953
12:36:06,4.929,4.953
12:36:05,4.929,4.941
12:36:04,4.941,4.953
12:36:03,4.929,4.965
12:36:02,4.929,4.953
12:36:01,4.929,4.965
12:36:00,4.929,4.953
12:35:58,4.929,4.965
12:35:58,4.917,4.953
12:35:57,4.929,4.965
12:35:56,4.917,4.941
12:35:55,4.941,4.976
12:35:54,4.917,4.953
12:35:53,4.929,4.953
12:35:52,4.905,4.941
12:35:51,4.917,4.953
12:35:50,4.929,4.965
12:35:49,4.929,4.953
12:35:48,4.941,4.953
12:35:47,4.917,4.953
12:35:46,4.917,4.965
12:35:45,4.941,4.965
12:35:44,4.929,4.953
12:35:43,4.917,4.965
12:35:42,4.929,4.953
12:35:41,4.929,4.965
12:35:40,4.929,4.941
12:35:39,4.941,4.953
12:35:38,4.929,4.953
12:35:37,4.917,4.965
12:35:36,4.941,4.965
12:35:35,4.941,4.953
12:35:34,4.941,4.965
12:35:33,4.929,4.953
12:35:32,4.929,4.965
12:35:31,4.929,4.953
12:35:30,4.929,4.965
12:35:29,4.929,4.953
12:35:28,4.917,4.953
12:35:27,4.894,4.953
12:35:26,4.917,4.953
12:35:25,4.929,4.965
12:35:24,4.917,4.941
12:35:23,4.941,4.941
12:35:22,4.905,4.929
12:35:21,4.929,4.953
12:35:20,4.929,4.965
12:35:19,4.929,4.953
12:35:18,4.941,4.965
12:35:17,4.929,4.941
12:35:16,4.929,4.965
12:35:15,4.917,4.953
12:35:14,4.941,4.965
12:35:13,4.917,4.965
12:35:12,4.941,4.953
12:35:11,4.929,4.953
12:35:10,4.917,4.965
12:35:09,4.929,4.965
12:35:08,4.929,4.953
12:35:07,4.917,4.965
12:35:06,4.929,4.953
12:35:05,4.941,4.965
12:35:04,4.941,4.953
12:35:03,4.929,4.953
12:35:02,4.929,4.941
12:35:00,4.941,4.965
12:34:59,4.941,4.941
12:34:59,4.917,4.941
12:34:58,4.929,4.953
12:34:57,4.941,4.953
12:34:56,4.929,4.953
12:34:55,4.917,4.941
12:34:54,4.929,4.965
12:34:53,4.941,4.965
12:34:52,4.929,4.953
12:34:51,4.929,4.953
12:34:50,4.917,4.941
12:34:49,4.929,4.965
12:34:48,4.917,4.953
12:34:47,4.917,4.941
12:34:46,4.929,4.965
12:34:45,4.917,4.953
12:34:44,4.929,4.965
12:34:43,4.917,4.953
12:34:42,4.929,4.953
12:34:41,4.929,4.953
12:34:40,4.917,4.965
12:34:39,5.012,4.965
12:34:38,4.929,4.953
12:34:37,4.929,4.965
12:34:36,4.929,4.929
12:34:35,4.929,4.953
12:34:34,4.917,4.953
12:34:33,4.905,4.941
12:34:32,4.941,4.941
12:34:31,4.941,4.953
12:34:30,4.929,4.965
12:34:29,4.917,4.941
12:34:28,4.941,4.965
12:34:27,4.929,4.941
12:34:26,4.929,4.953
12:34:25,4.917,4.953
12:34:24,4.941,4.953
12:34:23,4.917,4.953
12:34:22,4.929,4.929
12:34:21,4.917,4.953
12:34:20,4.929,4.941
12:34:19,4.929,4.953
12:34:18,4.905,4.941
12:34:16,4.917,4.965
12:34:16,4.929,4.953
12:34:15,4.917,4.953
12:34:13,4.941,4.965
12:34:13,4.941,4.953
12:34:12,4.929,4.953
12:34:11,4.905,4.953
12:34:10,4.929,4.953
12:34:09,4.917,4.941
12:34:08,4.941,4.941
12:34:07,4.917,4.953
12:34:06,4.929,4.941
12:34:05,4.941,4.941
12:34:04,4.941,4.953
12:34:03,4.929,4.953
12:34:02,4.929,4.941
12:34:01,4.941,4.953
12:34:00,4.905,4.941
12:33:59,4.941,4.953
12:33:58,4.917,4.941
12:33:57,4.929,4.953
12:33:56,4.941,4.965
12:33:55,4.929,4.941
12:33:54,4.941,4.953
12:33:53,4.917,4.929
12:33:52,4.929,4.941
12:33:51,4.929,4.941
12:33:50,4.905,4.953
12:33:49,4.941,4.941
12:33:48,4.929,4.953
12:33:47,4.929,4.953
12:33:45,4.929,4.953
12:33:45,4.929,4.953
12:33:44,4.929,4.929
12:33:43,4.929,4.953
12:33:42,4.941,4.941
12:33:41,4.917,4.953
12:33:40,4.917,4.953
12:33:39,4.929,4.941
12:33:38,4.929,4.941
12:33:37,4.929,4.941
12:33:36,4.941,4.941
12:33:35,4.929,4.953
12:33:34,4.917,4.953
12:33:33,4.929,4.953
12:33:32,4.929,4.941
12:33:31,4.941,4.941
12:33:29,4.929,4.953
12:33:29,4.941,4.953
12:33:28,4.929,4.941
12:33:27,4.941,4.941
12:33:26,4.917,4.941
12:33:25,4.929,4.953
12:33:24,4.953,4.941
12:33:23,4.929,4.941
12:33:22,4.929,4.953
12:33:21,4.929,4.929
12:33:20,4.941,5.024
12:33:19,4.929,4.941
12:33:18,4.941,4.953
12:33:17,4.941,4.941
12:33:16,4.953,4.953
12:33:15,4.941,4.929
12:33:14,4.929,4.941
12:33:13,4.941,4.953
12:33:12,4.917,4.941
12:33:11,4.953,4.941
12:33:10,4.929,4.941
12:33:09,4.917,4.941
12:33:08,4.929,4.953
12:33:07,4.941,4.941
12:33:06,4.929,4.953
12:33:05,4.929,4.929
12:33:04,4.941,4.953
12:33:03,4.917,4.941
12:33:02,4.929,4.953
12:33:01,4.941,4.953
12:33:00,4.929,4.953
12:32:59,4.905,4.941
12:32:58,4.941,4.929
12:32:57,4.929,4.965
12:32:56,4.917,4.941
12:32:55,4.941,4.953
12:32:54,4.953,4.953
12:32:53,4.941,4.953
12:32:52,4.929,4.929
12:32:51,4.929,4.941
12:32:50,4.953,4.953
12:32:49,4.941,4.941
12:32:48,4.929,4.953
12:32:47,4.929,4.941
12:32:46,4.953,4.953
12:32:45,5.000,4.941
12:32:44,4.917,4.953
12:32:43,4.941,4.953
12:32:42,4.941,4.953
12:32:41,4.929,4.941
12:32:40,4.929,4.941
12:32:39,4.953,4.941
12:32:38,4.941,4.941
12:32:37,4.941,4.941
12:32:36,4.917,4.929
12:32:35,4.929,4.953
12:32:34,4.953,4.941
12:32:33,4.917,4.941
12:32:32,4.953,4.941
12:32:31,4.929,4.941
12:32:30,4.941,4.953
12:32:29,4.929,4.941
12:32:28,4.953,4.941
12:32:27,4.941,4.953
12:32:26,4.929,4.941
12:32:25,4.941,4.941
12:32:24,4.941,4.953
12:32:23,4.941,4.953
12:32:22,4.929,4.941
12:32:21,4.929,4.953
12:32:20,4.917,4.941
12:32:19,4.953,4.965
12:32:18,4.929,4.941
12:32:17,4.929,4.929
12:32:16,4.941,4.953
12:32:15,4.929,4.929
12:32:14,4.953,4.953
12:32:13,4.941,4.941
12:32:12,4.929,4.953
12:32:11,4.929,4.965
12:32:10,4.929,4.953
12:32:09,4.941,4.965
12:32:08,4.941,4.941
12:32:07,4.941,4.953
12:32:06,4.941,4.941
12:32:05,4.953,4.953
12:32:04,4.917,4.929
12:32:03,4.941,4.953
12:32:02,4.929,4.941
12:32:01,4.929,4.941
12:32:00,4.929,4.929
12:31:59,4.929,4.929
12:31:58,4.941,4.929
12:31:57,4.929,4.917
12:31:56,4.953,4.953
12:31:55,4.929,4.929
12:31:54,4.941,4.941
12:31:53,4.917,4.941
12:31:51,4.929,4.929
12:31:51,4.953,4.929
12:31:50,4.941,4.941
12:31:49,4.953,4.929
12:31:48,4.941,4.917
12:31:47,4.941,4.941
12:31:46,4.929,4.929
12:31:45,4.941,4.953
12:31:44,4.929,4.941
12:31:43,4.929,4.941
12:31:42,4.953,4.929
12:31:41,4.929,4.941
12:31:40,4.953,4.941
12:31:39,4.929,4.929
12:31:38,4.941,4.953
12:31:37,4.929,4.953
12:31:36,4.929,4.941
12:31:35,4.953,4.941
12:31:34,4.941,4.941
12:31:33,4.941,4.941
12:31:32,4.929,4.929
12:31:31,4.917,4.929
12:31:30,4.929,4.929
12:31:29,4.941,4.941
12:31:28,4.917,4.929
12:31:27,4.941,4.929
12:31:25,4.929,4.941
12:31:25,4.941,4.941
12:31:24,4.953,4.941
12:31:23,4.917,4.941
12:31:22,4.953,4.953
12:31:21,4.941,4.941
12:31:20,4.941,4.929
12:31:19,4.953,4.941
12:31:18,4.929,4.941
12:31:17,4.941,4.941
12:31:16,4.929,4.929
12:31:15,4.941,4.941
12:31:14,4.941,4.941
12:31:13,4.929,4.929
12:31:12,4.929,4.929
12:31:11,4.953,4.941
12:31:10,4.941,4.941
12:31:09,4.941,4.929
12:31:08,4.953,4.941
12:31:07,4.929,4.917
12:31:06,5.024,4.941
12:31:05,4.929,4.929
12:31:04,4.953,4.941
12:31:03,4.941,4.929
12:31:02,4.941,4.941
12:31:01,4.941,4.941
12:31:00,4.941,4.917
12:30:59,4.941,4.941
12:30:58,4.917,4.929
12:30:57,4.953,4.929
12:30:56,4.929,4.953
12:30:55,4.941,4.929
12:30:54,4.929,4.941
12:30:53,4.941,4.941
12:30:52,4.929,4.941
12:30:51,4.929,4.929
12:30:50,4.941,4.941
12:30:49,4.941,4.941
12:30:48,4.953,4.941
12:30:47,4.941,4.929
12:30:46,4.929,4.929
12:30:45,4.941,4.941
12:30:44,4.929,4.929
12:30:43,4.929,4.929
12:30:42,4.917,4.929
12:30:41,4.929,4.941
12:30:40,4.941,4.929
12:30:39,4.929,4.917
12:30:38,4.953,4.941
12:30:37,4.941,4.941
12:30:36,4.953,4.929
12:30:35,4.929,4.929
12:30:34,4.929,4.929
12:30:33,4.941,4.929
12:30:32,4.953,4.941
12:30:31,4.941,4.929
12:30:30,4.941,4.941
12:30:29,4.929,4.929
12:30:28,4.941,4.917
12:30:27,4.929,4.941
12:30:26,4.929,4.929
12:30:25,4.941,4.941
12:30:24,4.929,4.929
12:30:23,4.953,4.941
12:30:22,4.941,4.905
12:30:21,4.929,4.941
12:30:20,4.953,4.929
12:30:19,4.941,4.905
12:30:18,4.941,4.941
12:30:17,4.929,4.917
12:30:16,4.941,4.929
12:30:15,4.941,4.929
12:30:14,4.929,4.941
12:30:13,4.929,4.929
12:30:12,4.953,4.929
12:30:11,4.929,4.929
12:30:10,4.941,4.929
12:30:09,4.953,4.929
12:30:08,4.917,4.929
12:30:07,4.941,4.941
12:30:06,4.941,4.929
12:30:05,4.929,4.917
12:30:04,4.929,4.941
12:30:03,4.941,4.929
12:30:02,4.941,4.917
12:30:01,4.941,4.929
12:30:00,4.941,4.917
12:29:59,4.941,4.929
12:29:58,4.941,4.941
12:29:57,4.929,4.929
12:29:56,4.929,4.929
12:29:55,4.929,4.941
12:29:54,4.941,4.917
12:29:53,4.953,4.941
12:29:52,4.929,4.929
12:29:51,4.953,4.929
12:29:50,4.953,4.929
12:29:49,4.941,4.941
12:29:48,4.941,4.941
12:29:47,4.929,4.917
12:29:46,4.941,4.929
12:29:45,4.941,4.917
12:29:44,4.941,4.941
12:29:43,4.941,4.929
12:29:42,4.941,4.929
12:29:41,4.953,4.917
12:29:40,4.941,4.929
12:29:39,4.941,4.941
12:29:38,4.929,4.917
12:29:37,4.953,4.929
12:29:35,4.917,4.917
12:29:35,4.953,4.941
12:29:34,4.929,4.917
12:29:33,4.941,4.917
12:29:32,4.953,4.929
12:29:30,4.953,4.929
12:29:30,4.953,4.929
12:29:29,4.941,4.917
12:29:28,4.953,4.929
12:29:27,4.953,4.917
12:29:26,4.929,4.929
12:29:25,4.953,4.929
12:29:24,4.941,4.929
12:29:23,4.953,4.941
12:29:22,4.917,4.917
12:29:21,4.953,4.941
12:29:20,4.929,4.917
12:29:19,4.953,4.941
12:29:18,4.941,4.917
12:29:17,4.929,4.929
12:29:16,4.929,4.929
12:29:15,4.929,4.929